const uint8_t droid_sans_mono_bold37pt8bBitmaps[] PROGMEM = {
  0x00, 0x7F, 0xCF, 0xF9, 0xFF, 0x3F, 0xE7, 0xFC, 0xFF, 0x9F, 0xF3, 0xFE,
  0x7F, 0xCF, 0xF9, 0xFF, 0x1F, 0xE3, 0xFC, 0x7F, 0x8F, 0xF1, 0xFE, 0x3F,
  0x87, 0xF0, 0xFE, 0x1F, 0xC3, 0xF8, 0x7F, 0x0F, 0xE1, 0xFC, 0x3F, 0x87,
  0xF0, 0xFE, 0x1F, 0xC3, 0xF8, 0x7F, 0x0F, 0xE1, 0xFC, 0x1F, 0x83, 0xF0,
  0x7E, 0x0F, 0xC1, 0xF0, 0x3E, 0x00, 0x00, 0x00, 0x00, 0x03, 0xF0, 0xFF,
  0x3F, 0xE7, 0xFF, 0xFF, 0xFF, 0xFF, 0xFF, 0x7F, 0xCF, 0xF8, 0xFE, 0x0F,
  0x80, 0xFF, 0xC1, 0xFF, 0xFF, 0xE0, 0xFF, 0xFF, 0xF0, 0x7F, 0xEF, 0xF8,
  0x3F, 0xF7, 0xFC, 0x1F, 0xFB, 0xFE, 0x0F, 0xFD, 0xFF, 0x03, 0xFC, 0xFF,
  0x81, 0xFE, 0x7F, 0x80, 0xFF, 0x3F, 0xC0, 0x7F, 0x9F, 0xE0, 0x3F, 0xCF,
  0xF0, 0x1F, 0xE7, 0xF8, 0x0F, 0xF3, 0xFC, 0x07, 0xF9, 0xFE, 0x03, 0xFC,
  0xFF, 0x01, 0xFE, 0x3F, 0x80, 0xFF, 0x1F, 0xC0, 0x7F, 0x8F, 0xE0, 0x1F,
  0xC7, 0xF0, 0x0F, 0xC0, 0x00, 0x03, 0xF8, 0x03, 0xF0, 0x00, 0x01, 0xFC,
  0x01, 0xF8, 0x00, 0x00, 0xFE, 0x00, 0xFC, 0x00, 0x00, 0x7E, 0x00, 0xFE,
  0x00, 0x00, 0x3F, 0x00, 0x7F, 0x00, 0x00, 0x3F, 0x80, 0x3F, 0x00, 0x00,
  0x1F, 0xC0, 0x1F, 0x80, 0x00, 0x0F, 0xE0, 0x0F, 0xC0, 0x00, 0x07, 0xE0,
  0x0F, 0xE0, 0x00, 0x03, 0xF0, 0x07, 0xF0, 0x00, 0x03, 0xF8, 0x03, 0xF0,
  0x00, 0x01, 0xFC, 0x01, 0xF8, 0x00, 0x00, 0xFE, 0x00, 0xFC, 0x00, 0x00,
  0x7E, 0x00, 0xFE, 0x00, 0x7F, 0xFF, 0xFF, 0xFF, 0xFE, 0x3F, 0xFF, 0xFF,
  0xFF, 0xFF, 0x1F, 0xFF, 0xFF, 0xFF, 0xFF, 0x8F, 0xFF, 0xFF, 0xFF, 0xFF,
  0xC7, 0xFF, 0xFF, 0xFF, 0xFF, 0xE3, 0xFF, 0xFF, 0xFF, 0xFF, 0xF0, 0x01,
  0xF8, 0x03, 0xF0, 0x00, 0x01, 0xFC, 0x01, 0xF8, 0x00, 0x00, 0xFE, 0x00,
  0xFC, 0x00, 0x00, 0x7F, 0x00, 0xFE, 0x00, 0x00, 0x3F, 0x00, 0x7F, 0x00,
  0x00, 0x1F, 0x80, 0x3F, 0x00, 0x00, 0x1F, 0xC0, 0x1F, 0x80, 0x00, 0x0F,
  0xE0, 0x0F, 0xC0, 0x00, 0x07, 0xF0, 0x0F, 0xE0, 0x00, 0x03, 0xF0, 0x07,
  0xF0, 0x03, 0xFF, 0xFF, 0xFF, 0xFF, 0xF9, 0xFF, 0xFF, 0xFF, 0xFF, 0xFC,
  0xFF, 0xFF, 0xFF, 0xFF, 0xFE, 0x7F, 0xFF, 0xFF, 0xFF, 0xFF, 0x3F, 0xFF,
  0xFF, 0xFF, 0xFF, 0x9F, 0xFF, 0xFF, 0xFF, 0xFF, 0xCF, 0xFF, 0xFF, 0xFF,
  0xFF, 0xE0, 0x0F, 0xE0, 0x0F, 0xC0, 0x00, 0x07, 0xF0, 0x0F, 0xE0, 0x00,
  0x03, 0xF0, 0x07, 0xF0, 0x00, 0x01, 0xF8, 0x03, 0xF8, 0x00, 0x01, 0xFC,
  0x01, 0xF8, 0x00, 0x00, 0xFE, 0x00, 0xFC, 0x00, 0x00, 0x7F, 0x00, 0xFE,
  0x00, 0x00, 0x3F, 0x00, 0x7F, 0x00, 0x00, 0x1F, 0x80, 0x3F, 0x80, 0x00,
  0x1F, 0xC0, 0x1F, 0x80, 0x00, 0x0F, 0xE0, 0x0F, 0xC0, 0x00, 0x07, 0xF0,
  0x0F, 0xE0, 0x00, 0x03, 0xF0, 0x07, 0xF0, 0x00, 0x01, 0xF8, 0x03, 0xF8,
  0x00, 0x00, 0x00, 0x07, 0xE0, 0x00, 0x00, 0x0F, 0xC0, 0x00, 0x00, 0x1F,
  0x80, 0x00, 0x00, 0x3F, 0x00, 0x00, 0x00, 0x7E, 0x00, 0x00, 0x00, 0xFC,
  0x00, 0x00, 0x01, 0xFC, 0x00, 0x00, 0x3F, 0xFF, 0xE0, 0x03, 0xFF, 0xFF,
  0xF8, 0x0F, 0xFF, 0xFF, 0xF8, 0x3F, 0xFF, 0xFF, 0xF0, 0xFF, 0xFF, 0xFF,
  0xE3, 0xFF, 0xFF, 0xFF, 0x8F, 0xFC, 0xFC, 0xFF, 0x1F, 0xE1, 0xF8, 0x1C,
  0x3F, 0x83, 0xF0, 0x08, 0xFF, 0x07, 0xE0, 0x01, 0xFE, 0x0F, 0xC0, 0x03,
  0xFC, 0x1F, 0x80, 0x07, 0xF8, 0x3F, 0x00, 0x0F, 0xF0, 0x7E, 0x00, 0x0F,
  0xF0, 0xFC, 0x00, 0x1F, 0xF1, 0xF8, 0x00, 0x3F, 0xFB, 0xF0, 0x00, 0x3F,
  0xFF, 0xE0, 0x00, 0x7F, 0xFF, 0xC0, 0x00, 0x7F, 0xFF, 0x80, 0x00, 0x7F,
  0xFF, 0xE0, 0x00, 0x3F, 0xFF, 0xF0, 0x00, 0x1F, 0xFF, 0xF8, 0x00, 0x0F,
  0xFF, 0xF8, 0x00, 0x03, 0xFF, 0xFC, 0x00, 0x07, 0xFF, 0xF8, 0x00, 0x0F,
  0xFF, 0xF8, 0x00, 0x1F, 0xBF, 0xF8, 0x00, 0x3F, 0x1F, 0xF0, 0x00, 0x7E,
  0x1F, 0xE0, 0x00, 0xFC, 0x3F, 0xC0, 0x01, 0xF8, 0x3F, 0x80, 0x03, 0xF0,
  0x7F, 0x00, 0x07, 0xE0, 0xFE, 0x00, 0x0F, 0xC3, 0xFF, 0x00, 0x1F, 0x87,
  0xFF, 0xC0, 0x3F, 0x1F, 0xFF, 0xF0, 0x7E, 0xFF, 0xDF, 0xFF, 0xFF, 0xFF,
  0xBF, 0xFF, 0xFF, 0xFE, 0x7F, 0xFF, 0xFF, 0xF8, 0xFF, 0xFF, 0xFF, 0xC0,
  0xFF, 0xFF, 0xFE, 0x00, 0x3F, 0xFF, 0xF0, 0x00, 0x01, 0xFF, 0x00, 0x00,
  0x00, 0x7E, 0x00, 0x00, 0x00, 0xFC, 0x00, 0x00, 0x01, 0xF8, 0x00, 0x00,
  0x03, 0xF0, 0x00, 0x00, 0x07, 0xE0, 0x00, 0x00, 0x0F, 0xC0, 0x00, 0x00,
  0x1F, 0x80, 0x00, 0x00, 0xFE, 0x00, 0x00, 0x00, 0x00, 0x3F, 0xFC, 0x00,
  0x07, 0xF0, 0x03, 0xFF, 0xF0, 0x00, 0x7F, 0x00, 0x3F, 0xFF, 0xC0, 0x03,
  0xF8, 0x03, 0xFF, 0xFF, 0x00, 0x3F, 0x80, 0x1F, 0xFF, 0xFC, 0x01, 0xFC,
  0x01, 0xFE, 0x0F, 0xE0, 0x1F, 0xC0, 0x0F, 0xE0, 0x7F, 0x80, 0xFE, 0x00,
  0x7F, 0x01, 0xFC, 0x0F, 0xE0, 0x07, 0xF0, 0x0F, 0xE0, 0x7F, 0x00, 0x3F,
  0x80, 0x7F, 0x07, 0xF0, 0x01, 0xFC, 0x03, 0xF8, 0x3F, 0x80, 0x0F, 0xE0,
  0x1F, 0xC3, 0xF8, 0x00, 0x7F, 0x00, 0xFE, 0x1F, 0xC0, 0x03, 0xF8, 0x07,
  0xF1, 0xFC, 0x00, 0x0F, 0xC0, 0x3F, 0x8F, 0xE0, 0x00, 0x7F, 0x01, 0xFC,
  0xFE, 0x00, 0x03, 0xF8, 0x0F, 0xE7, 0xF0, 0x00, 0x1F, 0xE0, 0xFE, 0x7F,
  0x00, 0x00, 0x7F, 0xDF, 0xF7, 0xF8, 0x00, 0x03, 0xFF, 0xFF, 0x3F, 0x80,
  0x00, 0x0F, 0xFF, 0xFB, 0xFC, 0x00, 0x00, 0x3F, 0xFF, 0x9F, 0xC0, 0x00,
  0x00, 0xFF, 0xF1, 0xFE, 0x00, 0x00, 0x01, 0xFE, 0x0F, 0xE0, 0x00, 0x00,
  0x00, 0x00, 0xFF, 0x00, 0x00, 0x00, 0x00, 0x07, 0xF0, 0x00, 0x00, 0x00,
  0x00, 0x7F, 0x00, 0x00, 0x00, 0x00, 0x03, 0xF8, 0x7F, 0xE0, 0x00, 0x00,
  0x3F, 0x8F, 0xFF, 0x80, 0x00, 0x01, 0xFC, 0xFF, 0xFE, 0x00, 0x00, 0x1F,
  0xCF, 0xFF, 0xF8, 0x00, 0x00, 0xFE, 0x7F, 0xFF, 0xE0, 0x00, 0x0F, 0xE7,
  0xF8, 0xFF, 0x80, 0x00, 0x7F, 0x3F, 0x81, 0xFC, 0x00, 0x07, 0xF3, 0xF8,
  0x0F, 0xE0, 0x00, 0x3F, 0x9F, 0xC0, 0x3F, 0x80, 0x03, 0xF8, 0xFE, 0x01,
  0xFC, 0x00, 0x1F, 0xC7, 0xF0, 0x0F, 0xE0, 0x01, 0xFC, 0x3F, 0x80, 0x7F,
  0x00, 0x0F, 0xE1, 0xFC, 0x03, 0xF8, 0x00, 0xFE, 0x0F, 0xE0, 0x1F, 0xC0,
  0x07, 0xF0, 0x7F, 0x00, 0xFE, 0x00, 0x7F, 0x03, 0xF8, 0x07, 0xF0, 0x03,
  0xF8, 0x1F, 0xC0, 0x7F, 0x00, 0x3F, 0x80, 0x7F, 0x03, 0xF8, 0x01, 0xFC,
  0x03, 0xFC, 0x3F, 0xC0, 0x1F, 0xC0, 0x0F, 0xFF, 0xFC, 0x00, 0xFE, 0x00,
  0x7F, 0xFF, 0xE0, 0x0F, 0xE0, 0x01, 0xFF, 0xFE, 0x00, 0x7F, 0x00, 0x07,
  0xFF, 0xE0, 0x07, 0xF0, 0x00, 0x0F, 0xFC, 0x00, 0x00, 0x00, 0x00, 0x0F,
  0x00, 0x00, 0x00, 0x07, 0xFF, 0x00, 0x00, 0x00, 0x01, 0xFF, 0xFE, 0x00,
  0x00, 0x00, 0x7F, 0xFF, 0xF0, 0x00, 0x00, 0x0F, 0xFF, 0xFF, 0x80, 0x00,
  0x01, 0xFF, 0xFF, 0xFC, 0x00, 0x00, 0x1F, 0xFF, 0xFF, 0xE0, 0x00, 0x03,
  0xFF, 0xDF, 0xFE, 0x00, 0x00, 0x3F, 0xE0, 0x3F, 0xE0, 0x00, 0x03, 0xFC,
  0x01, 0xFF, 0x00, 0x00, 0x7F, 0x80, 0x0F, 0xF0, 0x00, 0x07, 0xF8, 0x00,
  0xFF, 0x00, 0x00, 0x7F, 0x80, 0x0F, 0xF0, 0x00, 0x07, 0xF8, 0x00, 0xFF,
  0x00, 0x00, 0x7F, 0x80, 0x0F, 0xF0, 0x00, 0x03, 0xF8, 0x00, 0xFF, 0x00,
  0x00, 0x3F, 0xC0, 0x1F, 0xE0, 0x00, 0x03, 0xFC, 0x03, 0xFE, 0x00, 0x00,
  0x1F, 0xE0, 0x7F, 0xC0, 0x00, 0x01, 0xFF, 0x0F, 0xF8, 0x00, 0x00, 0x0F,
  0xF3, 0xFF, 0x00, 0x00, 0x00, 0xFF, 0xFF, 0xE0, 0x00, 0x00, 0x07, 0xFF,
  0xFC, 0x00, 0x00, 0x00, 0x3F, 0xFF, 0x80, 0x00, 0x00, 0x01, 0xFF, 0xE0,
  0x00, 0x00, 0x00, 0x7F, 0xFC, 0x00, 0x00, 0x00, 0x1F, 0xFF, 0xC0, 0x00,
  0x00, 0x03, 0xFF, 0xFE, 0x00, 0x00, 0x00, 0x7F, 0xFF, 0xE0, 0x07, 0xF8,
  0x0F, 0xFD, 0xFF, 0x00, 0x7F, 0x81, 0xFF, 0x8F, 0xF8, 0x0F, 0xF0, 0x1F,
  0xF0, 0x7F, 0xC0, 0xFF, 0x03, 0xFE, 0x03, 0xFE, 0x0F, 0xF0, 0x7F, 0xC0,
  0x1F, 0xF1, 0xFE, 0x07, 0xFC, 0x01, 0xFF, 0x1F, 0xE0, 0x7F, 0x80, 0x0F,
  0xFB, 0xFE, 0x07, 0xF8, 0x00, 0x7F, 0xFF, 0xC0, 0x7F, 0x80, 0x03, 0xFF,
  0xFC, 0x0F, 0xF8, 0x00, 0x1F, 0xFF, 0x80, 0xFF, 0x80, 0x01, 0xFF, 0xF8,
  0x0F, 0xF8, 0x00, 0x0F, 0xFF, 0x00, 0x7F, 0x80, 0x00, 0x7F, 0xE0, 0x07,
  0xF8, 0x00, 0x07, 0xFE, 0x00, 0x7F, 0xC0, 0x00, 0xFF, 0xF0, 0x07, 0xFE,
  0x00, 0x1F, 0xFF, 0x80, 0x3F, 0xF0, 0x07, 0xFF, 0xFC, 0x03, 0xFF, 0xE3,
  0xFF, 0xFF, 0xC0, 0x1F, 0xFF, 0xFF, 0xFF, 0xFE, 0x01, 0xFF, 0xFF, 0xFF,
  0x9F, 0xF0, 0x0F, 0xFF, 0xFF, 0xF0, 0xFF, 0x80, 0x7F, 0xFF, 0xFC, 0x0F,
  0xFC, 0x01, 0xFF, 0xFF, 0x80, 0x7F, 0xC0, 0x07, 0xFF, 0xC0, 0x03, 0xFE,
  0x00, 0x0F, 0xE0, 0x00, 0x00, 0x00, 0xFF, 0xBF, 0xEF, 0xFB, 0xFE, 0xFF,
  0xBF, 0xEF, 0xFB, 0xFE, 0xFF, 0xBF, 0xEF, 0xF9, 0xFE, 0x7F, 0x9F, 0xC7,
  0xF1, 0xFC, 0x7F, 0x1F, 0xC7, 0xF1, 0xFC, 0x00, 0x01, 0xFF, 0x00, 0x03,
  0xFE, 0x00, 0x03, 0xFE, 0x00, 0x03, 0xFE, 0x00, 0x03, 0xFE, 0x00, 0x03,
  0xFE, 0x00, 0x01, 0xFE, 0x00, 0x01, 0xFE, 0x00, 0x01, 0xFF, 0x00, 0x01,
  0xFF, 0x00, 0x00, 0xFF, 0x00, 0x00, 0xFF, 0x00, 0x00, 0xFF, 0x80, 0x00,
  0x7F, 0x80, 0x00, 0x7F, 0xC0, 0x00, 0x3F, 0xC0, 0x00, 0x3F, 0xE0, 0x00,
  0x1F, 0xE0, 0x00, 0x0F, 0xF0, 0x00, 0x0F, 0xF8, 0x00, 0x07, 0xF8, 0x00,
  0x03, 0xFC, 0x00, 0x01, 0xFE, 0x00, 0x01, 0xFE, 0x00, 0x00, 0xFF, 0x00,
  0x00, 0x7F, 0x80, 0x00, 0x3F, 0xC0, 0x00, 0x1F, 0xE0, 0x00, 0x0F, 0xF0,
  0x00, 0x07, 0xF8, 0x00, 0x03, 0xFC, 0x00, 0x01, 0xFE, 0x00, 0x00, 0xFF,
  0x00, 0x00, 0x7F, 0x80, 0x00, 0x3F, 0xC0, 0x00, 0x1F, 0xE0, 0x00, 0x0F,
  0xF0, 0x00, 0x07, 0xF8, 0x00, 0x03, 0xFC, 0x00, 0x00, 0xFF, 0x00, 0x00,
  0x7F, 0x80, 0x00, 0x3F, 0xC0, 0x00, 0x1F, 0xF0, 0x00, 0x07, 0xF8, 0x00,
  0x03, 0xFC, 0x00, 0x01, 0xFF, 0x00, 0x00, 0x7F, 0x80, 0x00, 0x3F, 0xE0,
  0x00, 0x0F, 0xF0, 0x00, 0x07, 0xFC, 0x00, 0x01, 0xFE, 0x00, 0x00, 0xFF,
  0x80, 0x00, 0x3F, 0xE0, 0x00, 0x0F, 0xF8, 0x00, 0x03, 0xFC, 0x00, 0x01,
  0xFF, 0x00, 0x00, 0x7F, 0xC0, 0x00, 0x1F, 0xF0, 0x00, 0x07, 0xFC, 0x00,
  0x01, 0xFF, 0x00, 0x00, 0x7F, 0xC0, 0x00, 0x0F, 0xF8, 0xFF, 0xC0, 0x00,
  0x1F, 0xF0, 0x00, 0x07, 0xFC, 0x00, 0x01, 0xFF, 0x00, 0x00, 0x7F, 0xC0,
  0x00, 0x1F, 0xF0, 0x00, 0x07, 0xFC, 0x00, 0x01, 0xFE, 0x00, 0x00, 0x7F,
  0x80, 0x00, 0x3F, 0xE0, 0x00, 0x0F, 0xF8, 0x00, 0x03, 0xFC, 0x00, 0x01,
  0xFF, 0x00, 0x00, 0x7F, 0x80, 0x00, 0x3F, 0xE0, 0x00, 0x0F, 0xF0, 0x00,
  0x07, 0xFC, 0x00, 0x01, 0xFE, 0x00, 0x00, 0xFF, 0x80, 0x00, 0x3F, 0xC0,
  0x00, 0x1F, 0xE0, 0x00, 0x0F, 0xF0, 0x00, 0x07, 0xFC, 0x00, 0x01, 0xFE,
  0x00, 0x00, 0xFF, 0x00, 0x00, 0x7F, 0x80, 0x00, 0x3F, 0xC0, 0x00, 0x1F,
  0xE0, 0x00, 0x0F, 0xF0, 0x00, 0x07, 0xFC, 0x00, 0x03, 0xFE, 0x00, 0x01,
  0xFF, 0x00, 0x00, 0xFF, 0x80, 0x00, 0x7F, 0x80, 0x00, 0x3F, 0xC0, 0x00,
  0x1F, 0xE0, 0x00, 0x0F, 0xF0, 0x00, 0x07, 0xF8, 0x00, 0x03, 0xFC, 0x00,
  0x01, 0xFE, 0x00, 0x01, 0xFE, 0x00, 0x00, 0xFF, 0x00, 0x00, 0x7F, 0x80,
  0x00, 0x7F, 0xC0, 0x00, 0x3F, 0xC0, 0x00, 0x3F, 0xE0, 0x00, 0x1F, 0xE0,
  0x00, 0x0F, 0xF0, 0x00, 0x0F, 0xF0, 0x00, 0x0F, 0xF8, 0x00, 0x07, 0xF8,
  0x00, 0x07, 0xFC, 0x00, 0x07, 0xFC, 0x00, 0x03, 0xFC, 0x00, 0x03, 0xFE,
  0x00, 0x03, 0xFE, 0x00, 0x03, 0xFE, 0x00, 0x03, 0xFE, 0x00, 0x03, 0xFE,
  0x00, 0x03, 0xFE, 0x00, 0x03, 0xFE, 0x00, 0x07, 0xFE, 0x00, 0x00, 0x00,
  0x07, 0xFC, 0x00, 0x00, 0x00, 0xFF, 0x80, 0x00, 0x00, 0x1F, 0xF0, 0x00,
  0x00, 0x03, 0xFE, 0x00, 0x00, 0x00, 0x3F, 0x80, 0x00, 0x00, 0x07, 0xF0,
  0x00, 0x00, 0x00, 0xFE, 0x00, 0x00, 0x00, 0x1F, 0xC0, 0x00, 0x00, 0x03,
  0xF8, 0x00, 0x00, 0x00, 0x7F, 0x00, 0x01, 0xC0, 0x0F, 0xE0, 0x07, 0x3F,
  0x81, 0xFC, 0x07, 0xE7, 0xFE, 0x1F, 0x8F, 0xFE, 0xFF, 0xFF, 0xFF, 0xFF,
  0xFF, 0xFF, 0xFF, 0xFF, 0xFF, 0xFF, 0xFF, 0xFF, 0xFF, 0xFF, 0xFF, 0xFF,
  0xFF, 0xFF, 0xFF, 0xFF, 0xFF, 0xFC, 0x00, 0x1F, 0xF8, 0x00, 0x00, 0x07,
  0xFF, 0x00, 0x00, 0x01, 0xFF, 0xF0, 0x00, 0x00, 0x7F, 0x7F, 0x00, 0x00,
  0x1F, 0xEF, 0xF0, 0x00, 0x03, 0xF8, 0xFF, 0x00, 0x00, 0xFF, 0x1F, 0xE0,
  0x00, 0x3F, 0xC1, 0xFE, 0x00, 0x0F, 0xF8, 0x3F, 0xE0, 0x03, 0xFE, 0x03,
  0xFE, 0x00, 0x7F, 0xC0, 0x7F, 0xC0, 0x0F, 0xF8, 0x07, 0xF8, 0x00, 0x3E,
  0x00, 0xFC, 0x00, 0x03, 0xC0, 0x0E, 0x00, 0x00, 0x10, 0x01, 0x00, 0x00,
  0x00, 0x07, 0xF0, 0x00, 0x00, 0x01, 0xFC, 0x00, 0x00, 0x00, 0x7F, 0x00,
  0x00, 0x00, 0x1F, 0xC0, 0x00, 0x00, 0x07, 0xF0, 0x00, 0x00, 0x01, 0xFC,
  0x00, 0x00, 0x00, 0x7F, 0x00, 0x00, 0x00, 0x1F, 0xC0, 0x00, 0x00, 0x07,
  0xF0, 0x00, 0x00, 0x01, 0xFC, 0x00, 0x00, 0x00, 0x7F, 0x00, 0x00, 0x00,
  0x1F, 0xC0, 0x00, 0x00, 0x07, 0xF0, 0x00, 0x3F, 0xFF, 0xFF, 0xFF, 0xFF,
  0xFF, 0xFF, 0xFF, 0xFF, 0xFF, 0xFF, 0xFF, 0xFF, 0xFF, 0xFF, 0xFF, 0xFF,
  0xFF, 0xFF, 0xFF, 0xFF, 0xFF, 0xFF, 0xFF, 0xFF, 0xFF, 0xFF, 0xFF, 0xFF,
  0xFF, 0x00, 0x07, 0xF0, 0x00, 0x00, 0x01, 0xFC, 0x00, 0x00, 0x00, 0x7F,
  0x00, 0x00, 0x00, 0x1F, 0xC0, 0x00, 0x00, 0x07, 0xF0, 0x00, 0x00, 0x01,
  0xFC, 0x00, 0x00, 0x00, 0x7F, 0x00, 0x00, 0x00, 0x1F, 0xC0, 0x00, 0x00,
  0x07, 0xF0, 0x00, 0x00, 0x01, 0xFC, 0x00, 0x00, 0x00, 0x7F, 0x00, 0x00,
  0x00, 0x1F, 0xC0, 0x00, 0x00, 0x07, 0xF0, 0x00, 0x00, 0x0F, 0xF8, 0xFF,
  0xC7, 0xFE, 0x3F, 0xF1, 0xFF, 0x0F, 0xF8, 0x7F, 0xC7, 0xFC, 0x3F, 0xE1,
  0xFF, 0x0F, 0xF0, 0x7F, 0x87, 0xF8, 0x3F, 0xC1, 0xFC, 0x0F, 0xE0, 0x7E,
  0x07, 0xF0, 0x3F, 0x81, 0xF8, 0x0F, 0xC0, 0x00, 0xFF, 0xFF, 0xFF, 0xFF,
  0xFF, 0xFF, 0xFF, 0xFF, 0xFF, 0xFF, 0xFF, 0xFF, 0xFF, 0xFF, 0xFF, 0xFF,
  0xFF, 0xFF, 0xFF, 0xFF, 0xFF, 0xFE, 0x0E, 0x03, 0xF8, 0x7F, 0xCF, 0xFE,
  0xFF, 0xEF, 0xFF, 0xFF, 0xFF, 0xFF, 0xFF, 0xFF, 0xFE, 0xFF, 0xE7, 0xFC,
  0x3F, 0x80, 0x40, 0x00, 0x00, 0x01, 0xFC, 0x00, 0x00, 0x07, 0xF8, 0x00,
  0x00, 0x0F, 0xE0, 0x00, 0x00, 0x3F, 0xC0, 0x00, 0x00, 0x7F, 0x80, 0x00,
  0x01, 0xFE, 0x00, 0x00, 0x03, 0xFC, 0x00, 0x00, 0x0F, 0xF0, 0x00, 0x00,
  0x1F, 0xE0, 0x00, 0x00, 0x3F, 0x80, 0x00, 0x00, 0xFF, 0x00, 0x00, 0x01,
  0xFE, 0x00, 0x00, 0x07, 0xF8, 0x00, 0x00, 0x0F, 0xF0, 0x00, 0x00, 0x3F,
  0xC0, 0x00, 0x00, 0x7F, 0x80, 0x00, 0x00, 0xFE, 0x00, 0x00, 0x03, 0xFC,
  0x00, 0x00, 0x07, 0xF0, 0x00, 0x00, 0x1F, 0xE0, 0x00, 0x00, 0x3F, 0xC0,
  0x00, 0x00, 0xFF, 0x00, 0x00, 0x01, 0xFE, 0x00, 0x00, 0x07, 0xF8, 0x00,
  0x00, 0x0F, 0xF0, 0x00, 0x00, 0x1F, 0xC0, 0x00, 0x00, 0x7F, 0x80, 0x00,
  0x00, 0xFE, 0x00, 0x00, 0x03, 0xFC, 0x00, 0x00, 0x07, 0xF8, 0x00, 0x00,
  0x1F, 0xE0, 0x00, 0x00, 0x3F, 0xC0, 0x00, 0x00, 0xFF, 0x00, 0x00, 0x01,
  0xFE, 0x00, 0x00, 0x03, 0xF8, 0x00, 0x00, 0x0F, 0xF0, 0x00, 0x00, 0x1F,
  0xE0, 0x00, 0x00, 0x7F, 0x80, 0x00, 0x00, 0xFF, 0x00, 0x00, 0x03, 0xFC,
  0x00, 0x00, 0x07, 0xF8, 0x00, 0x00, 0x0F, 0xE0, 0x00, 0x00, 0x3F, 0xC0,
  0x00, 0x00, 0x7F, 0x00, 0x00, 0x01, 0xFE, 0x00, 0x00, 0x03, 0xFC, 0x00,
  0x00, 0x0F, 0xF0, 0x00, 0x00, 0x1F, 0xE0, 0x00, 0x00, 0x7F, 0x80, 0x00,
  0x00, 0xFF, 0x00, 0x00, 0x01, 0xFC, 0x00, 0x00, 0x00, 0x00, 0x0F, 0xFE,
  0x00, 0x00, 0x07, 0xFF, 0xF0, 0x00, 0x03, 0xFF, 0xFF, 0x80, 0x00, 0xFF,
  0xFF, 0xF8, 0x00, 0x3F, 0xFF, 0xFF, 0x80, 0x0F, 0xFF, 0xFF, 0xF8, 0x01,
  0xFF, 0xFF, 0xFF, 0x00, 0x7F, 0xE0, 0x3F, 0xF0, 0x0F, 0xF8, 0x01, 0xFE,
  0x03, 0xFE, 0x00, 0x3F, 0xE0, 0x7F, 0x80, 0x03, 0xFC, 0x1F, 0xE0, 0x00,
  0x3F, 0xC3, 0xFC, 0x00, 0x07, 0xF8, 0x7F, 0x80, 0x00, 0xFF, 0x0F, 0xE0,
  0x00, 0x0F, 0xF3, 0xFC, 0x00, 0x01, 0xFE, 0x7F, 0x80, 0x00, 0x3F, 0xCF,
  0xF0, 0x00, 0x07, 0xF9, 0xFE, 0x00, 0x00, 0xFF, 0x3F, 0xC0, 0x00, 0x1F,
  0xE7, 0xF8, 0x00, 0x01, 0xFC, 0xFE, 0x00, 0x00, 0x3F, 0xDF, 0xC0, 0x00,
  0x07, 0xFB, 0xF8, 0x00, 0x00, 0xFF, 0xFF, 0x00, 0x00, 0x1F, 0xFF, 0xE0,
  0x00, 0x03, 0xFF, 0xFC, 0x00, 0x00, 0x7F, 0xFF, 0x80, 0x00, 0x0F, 0xFF,
  0xF0, 0x00, 0x01, 0xFE, 0xFE, 0x00, 0x00, 0x3F, 0xDF, 0xC0, 0x00, 0x07,
  0xFB, 0xFC, 0x00, 0x00, 0xFF, 0x7F, 0x80, 0x00, 0x1F, 0xCF, 0xF0, 0x00,
  0x07, 0xF9, 0xFE, 0x00, 0x00, 0xFF, 0x3F, 0xC0, 0x00, 0x1F, 0xE7, 0xF8,
  0x00, 0x03, 0xFC, 0x7F, 0x00, 0x00, 0x7F, 0x8F, 0xF0, 0x00, 0x0F, 0xE1,
  0xFE, 0x00, 0x03, 0xFC, 0x3F, 0xC0, 0x00, 0x7F, 0x83, 0xFC, 0x00, 0x1F,
  0xF0, 0x7F, 0x80, 0x03, 0xFC, 0x0F, 0xF8, 0x00, 0xFF, 0x80, 0xFF, 0x80,
  0x3F, 0xE0, 0x0F, 0xFC, 0x1F, 0xFC, 0x01, 0xFF, 0xFF, 0xFF, 0x00, 0x1F,
  0xFF, 0xFF, 0xC0, 0x01, 0xFF, 0xFF, 0xF0, 0x00, 0x1F, 0xFF, 0xFC, 0x00,
  0x01, 0xFF, 0xFF, 0x00, 0x00, 0x0F, 0xFF, 0x80, 0x00, 0x00, 0x1F, 0x80,
  0x00, 0x00, 0x07, 0xF0, 0x00, 0xFF, 0x00, 0x1F, 0xF0, 0x07, 0xFF, 0x00,
  0xFF, 0xF0, 0x1F, 0xFF, 0x07, 0xFF, 0xF0, 0xFF, 0xFF, 0x1F, 0xFF, 0xF7,
  0xFF, 0x7F, 0xFF, 0xE7, 0xF7, 0xF8, 0x7F, 0x7F, 0x07, 0xF3, 0xE0, 0x7F,
  0x1C, 0x07, 0xF0, 0x00, 0x7F, 0x00, 0x07, 0xF0, 0x00, 0x7F, 0x00, 0x07,
  0xF0, 0x00, 0x7F, 0x00, 0x07, 0xF0, 0x00, 0x7F, 0x00, 0x07, 0xF0, 0x00,
  0x7F, 0x00, 0x07, 0xF0, 0x00, 0x7F, 0x00, 0x07, 0xF0, 0x00, 0x7F, 0x00,
  0x07, 0xF0, 0x00, 0x7F, 0x00, 0x07, 0xF0, 0x00, 0x7F, 0x00, 0x07, 0xF0,
  0x00, 0x7F, 0x00, 0x07, 0xF0, 0x00, 0x7F, 0x00, 0x07, 0xF0, 0x00, 0x7F,
  0x00, 0x07, 0xF0, 0x00, 0x7F, 0x00, 0x07, 0xF0, 0x00, 0x7F, 0x00, 0x07,
  0xF0, 0x00, 0x7F, 0x00, 0x07, 0xF0, 0x00, 0x7F, 0x00, 0x07, 0xF0, 0x00,
  0x7F, 0x00, 0x07, 0xF0, 0x00, 0x7F, 0x00, 0x07, 0xF0, 0x00, 0x1F, 0xF8,
  0x00, 0x00, 0x7F, 0xFF, 0x80, 0x00, 0xFF, 0xFF, 0xF0, 0x01, 0xFF, 0xFF,
  0xFC, 0x03, 0xFF, 0xFF, 0xFF, 0x03, 0xFF, 0xFF, 0xFF, 0xC3, 0xFF, 0xFF,
  0xFF, 0xE0, 0xFF, 0xC0, 0x1F, 0xF8, 0x7F, 0x80, 0x07, 0xFC, 0x1F, 0x00,
  0x01, 0xFF, 0x07, 0x00, 0x00, 0x7F, 0x81, 0x00, 0x00, 0x3F, 0xC0, 0x00,
  0x00, 0x1F, 0xE0, 0x00, 0x00, 0x0F, 0xF0, 0x00, 0x00, 0x07, 0xF8, 0x00,
  0x00, 0x03, 0xFC, 0x00, 0x00, 0x01, 0xFE, 0x00, 0x00, 0x00, 0xFF, 0x00,
  0x00, 0x00, 0x7F, 0x80, 0x00, 0x00, 0x7F, 0x80, 0x00, 0x00, 0x3F, 0xC0,
  0x00, 0x00, 0x3F, 0xE0, 0x00, 0x00, 0x1F, 0xE0, 0x00, 0x00, 0x1F, 0xF0,
  0x00, 0x00, 0x1F, 0xF0, 0x00, 0x00, 0x0F, 0xF0, 0x00, 0x00, 0x0F, 0xF8,
  0x00, 0x00, 0x0F, 0xF8, 0x00, 0x00, 0x0F, 0xF8, 0x00, 0x00, 0x0F, 0xF8,
  0x00, 0x00, 0x0F, 0xF8, 0x00, 0x00, 0x0F, 0xF8, 0x00, 0x00, 0x0F, 0xF8,
  0x00, 0x00, 0x0F, 0xFC, 0x00, 0x00, 0x0F, 0xFC, 0x00, 0x00, 0x0F, 0xFC,
  0x00, 0x00, 0x0F, 0xFC, 0x00, 0x00, 0x07, 0xFC, 0x00, 0x00, 0x07, 0xFC,
  0x00, 0x00, 0x07, 0xFC, 0x00, 0x00, 0x07, 0xFC, 0x00, 0x00, 0x07, 0xFC,
  0x00, 0x00, 0x07, 0xFC, 0x00, 0x00, 0x07, 0xFC, 0x00, 0x00, 0x07, 0xFC,
  0x00, 0x00, 0x07, 0xFF, 0xFF, 0xFF, 0xFF, 0xFF, 0xFF, 0xFF, 0xFF, 0xFF,
  0xFF, 0xFF, 0xFF, 0xFF, 0xFF, 0xFF, 0xFF, 0xFF, 0xFF, 0xFF, 0xFF, 0xFF,
  0xFF, 0xFF, 0xFF, 0xFF, 0xFF, 0xFF, 0xFF, 0xF0, 0x00, 0x3F, 0xFC, 0x00,
  0x00, 0x7F, 0xFF, 0xE0, 0x00, 0x7F, 0xFF, 0xFE, 0x00, 0x7F, 0xFF, 0xFF,
  0xC0, 0x7F, 0xFF, 0xFF, 0xF8, 0x3F, 0xFF, 0xFF, 0xFF, 0x0F, 0xFF, 0xFF,
  0xFF, 0xE1, 0xFF, 0x80, 0x3F, 0xF8, 0x3F, 0x00, 0x03, 0xFE, 0x0F, 0x80,
  0x00, 0x7F, 0xC1, 0x80, 0x00, 0x0F, 0xF0, 0x00, 0x00, 0x03, 0xFC, 0x00,
  0x00, 0x00, 0xFF, 0x00, 0x00, 0x00, 0x3F, 0xC0, 0x00, 0x00, 0x0F, 0xF0,
  0x00, 0x00, 0x03, 0xFC, 0x00, 0x00, 0x00, 0xFF, 0x00, 0x00, 0x00, 0x7F,
  0x80, 0x00, 0x00, 0x1F, 0xE0, 0x00, 0x00, 0x0F, 0xF8, 0x00, 0x00, 0x0F,
  0xFC, 0x00, 0x00, 0x0F, 0xFE, 0x00, 0x0F, 0xFF, 0xFF, 0x00, 0x03, 0xFF,
  0xFF, 0x80, 0x00, 0xFF, 0xFF, 0x80, 0x00, 0x3F, 0xFF, 0xE0, 0x00, 0x0F,
  0xFF, 0xFF, 0x00, 0x03, 0xFF, 0xFF, 0xE0, 0x00, 0xFF, 0xFF, 0xFC, 0x00,
  0x00, 0x07, 0xFF, 0x80, 0x00, 0x00, 0x3F, 0xF0, 0x00, 0x00, 0x03, 0xFE,
  0x00, 0x00, 0x00, 0x7F, 0x80, 0x00, 0x00, 0x1F, 0xE0, 0x00, 0x00, 0x07,
  0xFC, 0x00, 0x00, 0x00, 0xFF, 0x00, 0x00, 0x00, 0x3F, 0xC0, 0x00, 0x00,
  0x0F, 0xF0, 0x00, 0x00, 0x03, 0xFC, 0x00, 0x00, 0x00, 0xFF, 0x00, 0x00,
  0x00, 0x7F, 0x80, 0x00, 0x00, 0x1F, 0xE8, 0x00, 0x00, 0x0F, 0xFB, 0x80,
  0x00, 0x07, 0xFE, 0xF8, 0x00, 0x03, 0xFF, 0x3F, 0xE0, 0x07, 0xFF, 0x8F,
  0xFF, 0xFF, 0xFF, 0xE3, 0xFF, 0xFF, 0xFF, 0xF0, 0xFF, 0xFF, 0xFF, 0xF8,
  0x3F, 0xFF, 0xFF, 0xF8, 0x03, 0xFF, 0xFF, 0xFC, 0x00, 0x3F, 0xFF, 0xF8,
  0x00, 0x00, 0x3F, 0xC0, 0x00, 0x00, 0x00, 0x00, 0x00, 0xFF, 0x00, 0x00,
  0x00, 0x03, 0xFE, 0x00, 0x00, 0x00, 0x07, 0xFC, 0x00, 0x00, 0x00, 0x1F,
  0xF8, 0x00, 0x00, 0x00, 0x7F, 0xF0, 0x00, 0x00, 0x00, 0xFF, 0xE0, 0x00,
  0x00, 0x03, 0xFF, 0xC0, 0x00, 0x00, 0x0F, 0xFF, 0x80, 0x00, 0x00, 0x1F,
  0xFF, 0x00, 0x00, 0x00, 0x7F, 0xFE, 0x00, 0x00, 0x01, 0xFD, 0xFC, 0x00,
  0x00, 0x03, 0xFF, 0xF8, 0x00, 0x00, 0x0F, 0xEF, 0xF0, 0x00, 0x00, 0x3F,
  0xDF, 0xE0, 0x00, 0x00, 0xFF, 0x3F, 0xC0, 0x00, 0x01, 0xFC, 0x7F, 0x80,
  0x00, 0x07, 0xF8, 0xFF, 0x00, 0x00, 0x1F, 0xE1, 0xFE, 0x00, 0x00, 0x3F,
  0x83, 0xFC, 0x00, 0x00, 0xFF, 0x07, 0xF8, 0x00, 0x03, 0xFC, 0x0F, 0xF0,
  0x00, 0x07, 0xF0, 0x1F, 0xE0, 0x00, 0x1F, 0xE0, 0x3F, 0xC0, 0x00, 0x7F,
  0x80, 0x7F, 0x80, 0x00, 0xFE, 0x00, 0xFF, 0x00, 0x03, 0xF8, 0x01, 0xFE,
  0x00, 0x0F, 0xF0, 0x03, 0xFC, 0x00, 0x1F, 0xC0, 0x07, 0xF8, 0x00, 0x7F,
  0x00, 0x0F, 0xF0, 0x01, 0xFE, 0x00, 0x1F, 0xE0, 0x07, 0xF8, 0x00, 0x3F,
  0xC0, 0x0F, 0xE0, 0x00, 0x7F, 0x80, 0x3F, 0xC0, 0x00, 0xFF, 0x00, 0xFF,
  0x00, 0x01, 0xFE, 0x01, 0xFF, 0xFF, 0xFF, 0xFF, 0xFF, 0xFF, 0xFF, 0xFF,
  0xFF, 0xFF, 0xFF, 0xFF, 0xFF, 0xFF, 0xFF, 0xFF, 0xFF, 0xFF, 0xFF, 0xFF,
  0xFF, 0xFF, 0xFF, 0xFF, 0xFF, 0xFF, 0xFF, 0xFF, 0xFF, 0xFF, 0xFF, 0xFF,
  0xFF, 0xFE, 0x00, 0x00, 0x01, 0xFE, 0x00, 0x00, 0x00, 0x03, 0xFC, 0x00,
  0x00, 0x00, 0x07, 0xF8, 0x00, 0x00, 0x00, 0x0F, 0xF0, 0x00, 0x00, 0x00,
  0x1F, 0xE0, 0x00, 0x00, 0x00, 0x3F, 0xC0, 0x00, 0x00, 0x00, 0x7F, 0x80,
  0x00, 0x00, 0x00, 0xFF, 0x00, 0x00, 0x00, 0x01, 0xFE, 0x00, 0x00, 0x00,
  0x03, 0xFC, 0x00, 0x00, 0x00, 0x07, 0xF8, 0x00, 0x1F, 0xFF, 0xFF, 0xF8,
  0x0F, 0xFF, 0xFF, 0xFC, 0x07, 0xFF, 0xFF, 0xFE, 0x03, 0xFF, 0xFF, 0xFF,
  0x01, 0xFF, 0xFF, 0xFF, 0x80, 0xFF, 0xFF, 0xFF, 0xC0, 0x7F, 0xFF, 0xFF,
  0xE0, 0x3F, 0x80, 0x00, 0x00, 0x1F, 0xC0, 0x00, 0x00, 0x0F, 0xE0, 0x00,
  0x00, 0x07, 0xF0, 0x00, 0x00, 0x07, 0xF8, 0x00, 0x00, 0x03, 0xFC, 0x00,
  0x00, 0x01, 0xFE, 0x00, 0x00, 0x00, 0xFF, 0x00, 0x00, 0x00, 0x7F, 0x00,
  0x00, 0x00, 0x3F, 0x80, 0x00, 0x00, 0x1F, 0xC0, 0x00, 0x00, 0x0F, 0xE0,
  0x00, 0x00, 0x07, 0xFF, 0xFF, 0x80, 0x03, 0xFF, 0xFF, 0xF0, 0x01, 0xFF,
  0xFF, 0xFE, 0x00, 0xFF, 0xFF, 0xFF, 0xC0, 0xFF, 0xFF, 0xFF, 0xF0, 0x3F,
  0xFF, 0xFF, 0xFC, 0x0F, 0xFF, 0xFF, 0xFE, 0x00, 0x00, 0x07, 0xFF, 0x80,
  0x00, 0x00, 0xFF, 0xC0, 0x00, 0x00, 0x1F, 0xF0, 0x00, 0x00, 0x0F, 0xF8,
  0x00, 0x00, 0x03, 0xFC, 0x00, 0x00, 0x01, 0xFF, 0x00, 0x00, 0x00, 0x7F,
  0x80, 0x00, 0x00, 0x3F, 0xC0, 0x00, 0x00, 0x1F, 0xE0, 0x00, 0x00, 0x0F,
  0xF0, 0x00, 0x00, 0x07, 0xF8, 0x00, 0x00, 0x03, 0xFC, 0x00, 0x00, 0x03,
  0xFC, 0x00, 0x00, 0x01, 0xFE, 0x00, 0x00, 0x00, 0xFF, 0x40, 0x00, 0x00,
  0xFF, 0xB8, 0x00, 0x00, 0xFF, 0x9F, 0x00, 0x01, 0xFF, 0xCF, 0xF8, 0x07,
  0xFF, 0xC7, 0xFF, 0xFF, 0xFF, 0xC3, 0xFF, 0xFF, 0xFF, 0xC1, 0xFF, 0xFF,
  0xFF, 0xC0, 0x7F, 0xFF, 0xFF, 0xC0, 0x1F, 0xFF, 0xFF, 0x80, 0x03, 0xFF,
  0xFF, 0x00, 0x00, 0x0F, 0xF0, 0x00, 0x00, 0x00, 0x00, 0x7F, 0xF8, 0x00,
  0x01, 0xFF, 0xFF, 0x00, 0x01, 0xFF, 0xFF, 0xC0, 0x00, 0xFF, 0xFF, 0xF0,
  0x00, 0xFF, 0xFF, 0xFC, 0x00, 0x7F, 0xFF, 0xFF, 0x00, 0x3F, 0xFF, 0xFF,
  0xC0, 0x1F, 0xFE, 0x00, 0x10, 0x07, 0xFE, 0x00, 0x00, 0x03, 0xFE, 0x00,
  0x00, 0x00, 0xFF, 0x00, 0x00, 0x00, 0x7F, 0x80, 0x00, 0x00, 0x1F, 0xE0,
  0x00, 0x00, 0x0F, 0xF0, 0x00, 0x00, 0x03, 0xFC, 0x00, 0x00, 0x00, 0xFE,
  0x00, 0x00, 0x00, 0x7F, 0x80, 0x00, 0x00, 0x1F, 0xE0, 0x00, 0x00, 0x07,
  0xF0, 0x00, 0x00, 0x01, 0xFC, 0x07, 0xF0, 0x00, 0xFF, 0x0F, 0xFF, 0x80,
  0x3F, 0xCF, 0xFF, 0xF8, 0x0F, 0xF7, 0xFF, 0xFF, 0x03, 0xFF, 0xFF, 0xFF,
  0xE0, 0xFF, 0xFF, 0xFF, 0xFC, 0x3F, 0xFF, 0xFF, 0xFF, 0x8F, 0xFF, 0x80,
  0x3F, 0xF3, 0xFF, 0x80, 0x07, 0xFC, 0xFF, 0xC0, 0x00, 0xFF, 0x3F, 0xE0,
  0x00, 0x1F, 0xEF, 0xF0, 0x00, 0x07, 0xFB, 0xFC, 0x00, 0x01, 0xFE, 0xFF,
  0x00, 0x00, 0x3F, 0xBF, 0xC0, 0x00, 0x0F, 0xEF, 0xF0, 0x00, 0x03, 0xFB,
  0xFC, 0x00, 0x00, 0xFE, 0xFF, 0x00, 0x00, 0x3F, 0xBF, 0xC0, 0x00, 0x0F,
  0xE7, 0xF0, 0x00, 0x03, 0xF9, 0xFE, 0x00, 0x01, 0xFE, 0x7F, 0x80, 0x00,
  0x7F, 0x8F, 0xF0, 0x00, 0x1F, 0xE3, 0xFC, 0x00, 0x0F, 0xF0, 0xFF, 0x80,
  0x07, 0xFC, 0x1F, 0xF0, 0x03, 0xFE, 0x03, 0xFF, 0x03, 0xFF, 0x80, 0xFF,
  0xFF, 0xFF, 0xC0, 0x1F, 0xFF, 0xFF, 0xE0, 0x03, 0xFF, 0xFF, 0xF8, 0x00,
  0x7F, 0xFF, 0xF8, 0x00, 0x07, 0xFF, 0xFC, 0x00, 0x00, 0x7F, 0xFC, 0x00,
  0x00, 0x03, 0xF0, 0x00, 0x00, 0xFF, 0xFF, 0xFF, 0xFF, 0xFF, 0xFF, 0xFF,
  0xFF, 0xFF, 0xFF, 0xFF, 0xFF, 0xFF, 0xFF, 0xFF, 0xFF, 0xFF, 0xFF, 0xFF,
  0xFF, 0xFF, 0xFF, 0xFF, 0xFF, 0xFF, 0xFF, 0xFF, 0xFF, 0xFF, 0xFF, 0xF0,
  0x00, 0x00, 0x01, 0xFE, 0x00, 0x00, 0x00, 0x3F, 0x80, 0x00, 0x00, 0x0F,
  0xF0, 0x00, 0x00, 0x01, 0xFE, 0x00, 0x00, 0x00, 0x7F, 0x80, 0x00, 0x00,
  0x0F, 0xF0, 0x00, 0x00, 0x03, 0xFC, 0x00, 0x00, 0x00, 0x7F, 0x80, 0x00,
  0x00, 0x0F, 0xE0, 0x00, 0x00, 0x03, 0xFC, 0x00, 0x00, 0x00, 0x7F, 0x80,
  0x00, 0x00, 0x1F, 0xE0, 0x00, 0x00, 0x03, 0xFC, 0x00, 0x00, 0x00, 0xFF,
  0x00, 0x00, 0x00, 0x1F, 0xE0, 0x00, 0x00, 0x07, 0xF8, 0x00, 0x00, 0x00,
  0xFF, 0x00, 0x00, 0x00, 0x1F, 0xC0, 0x00, 0x00, 0x07, 0xF8, 0x00, 0x00,
  0x00, 0xFF, 0x00, 0x00, 0x00, 0x3F, 0xC0, 0x00, 0x00, 0x07, 0xF8, 0x00,
  0x00, 0x01, 0xFE, 0x00, 0x00, 0x00, 0x3F, 0xC0, 0x00, 0x00, 0x0F, 0xF0,
  0x00, 0x00, 0x01, 0xFE, 0x00, 0x00, 0x00, 0x3F, 0xC0, 0x00, 0x00, 0x0F,
  0xF0, 0x00, 0x00, 0x01, 0xFE, 0x00, 0x00, 0x00, 0x7F, 0x80, 0x00, 0x00,
  0x0F, 0xF0, 0x00, 0x00, 0x03, 0xFC, 0x00, 0x00, 0x00, 0x7F, 0x80, 0x00,
  0x00, 0x1F, 0xF0, 0x00, 0x00, 0x03, 0xFC, 0x00, 0x00, 0x00, 0xFF, 0x80,
  0x00, 0x00, 0x1F, 0xE0, 0x00, 0x00, 0x03, 0xFC, 0x00, 0x00, 0x00, 0xFF,
  0x00, 0x00, 0x00, 0x1F, 0xE0, 0x00, 0x00, 0x07, 0xFC, 0x00, 0x00, 0x00,
  0xFF, 0x00, 0x00, 0x00, 0x3F, 0xE0, 0x00, 0x00, 0x07, 0xF8, 0x00, 0x00,
  0x00, 0x00, 0x1F, 0xFC, 0x00, 0x00, 0x7F, 0xFF, 0xC0, 0x00, 0x7F, 0xFF,
  0xF8, 0x00, 0xFF, 0xFF, 0xFE, 0x00, 0xFF, 0xFF, 0xFF, 0x80, 0x7F, 0xFF,
  0xFF, 0xE0, 0x7F, 0xFF, 0xFF, 0xF0, 0x7F, 0xE0, 0x0F, 0xFC, 0x3F, 0xE0,
  0x03, 0xFE, 0x1F, 0xE0, 0x00, 0xFF, 0x0F, 0xE0, 0x00, 0x3F, 0xCF, 0xF0,
  0x00, 0x1F, 0xE7, 0xF8, 0x00, 0x0F, 0xF3, 0xFC, 0x00, 0x07, 0xF8, 0xFE,
  0x00, 0x03, 0xFC, 0x7F, 0x00, 0x01, 0xFC, 0x3F, 0xC0, 0x01, 0xFE, 0x1F,
  0xE0, 0x00, 0xFF, 0x07, 0xF8, 0x00, 0xFF, 0x03, 0xFE, 0x00, 0xFF, 0x80,
  0xFF, 0xC0, 0xFF, 0x80, 0x3F, 0xF1, 0xFF, 0x80, 0x0F, 0xFF, 0xFF, 0x80,
  0x03, 0xFF, 0xFF, 0x80, 0x00, 0xFF, 0xFF, 0x00, 0x00, 0x7F, 0xFF, 0xC0,
  0x00, 0x7F, 0xFF, 0xF0, 0x00, 0xFF, 0xFF, 0xFE, 0x00, 0xFF, 0xC7, 0xFF,
  0x80, 0xFF, 0xC0, 0xFF, 0xE0, 0xFF, 0x80, 0x1F, 0xF8, 0x7F, 0x80, 0x07,
  0xFC, 0x7F, 0x80, 0x01, 0xFF, 0x3F, 0xC0, 0x00, 0x7F, 0xBF, 0xC0, 0x00,
  0x1F, 0xFF, 0xE0, 0x00, 0x0F, 0xFF, 0xF0, 0x00, 0x03, 0xFF, 0xF0, 0x00,
  0x01, 0xFF, 0xF8, 0x00, 0x00, 0xFF, 0xFE, 0x00, 0x00, 0x7F, 0xFF, 0x00,
  0x00, 0x7F, 0xFF, 0x80, 0x00, 0x3F, 0xFF, 0xC0, 0x00, 0x1F, 0xFF, 0xF0,
  0x00, 0x1F, 0xF7, 0xFC, 0x00, 0x1F, 0xF3, 0xFF, 0xC0, 0x7F, 0xF8, 0xFF,
  0xFF, 0xFF, 0xF8, 0x3F, 0xFF, 0xFF, 0xF8, 0x0F, 0xFF, 0xFF, 0xF8, 0x03,
  0xFF, 0xFF, 0xF8, 0x00, 0xFF, 0xFF, 0xF0, 0x00, 0x0F, 0xFF, 0xE0, 0x00,
  0x00, 0x7F, 0x00, 0x00, 0x00, 0x1F, 0xF8, 0x00, 0x00, 0x3F, 0xFF, 0xC0,
  0x00, 0x1F, 0xFF, 0xF8, 0x00, 0x1F, 0xFF, 0xFF, 0x80, 0x0F, 0xFF, 0xFF,
  0xF0, 0x07, 0xFF, 0xFF, 0xFC, 0x01, 0xFF, 0xFF, 0xFF, 0x80, 0xFF, 0xC0,
  0x3F, 0xF0, 0x3F, 0xC0, 0x07, 0xFC, 0x1F, 0xF0, 0x00, 0xFF, 0x87, 0xF8,
  0x00, 0x1F, 0xE3, 0xFC, 0x00, 0x03, 0xFC, 0xFF, 0x00, 0x00, 0xFF, 0x3F,
  0xC0, 0x00, 0x1F, 0xCF, 0xF0, 0x00, 0x07, 0xFB, 0xF8, 0x00, 0x01, 0xFE,
  0xFE, 0x00, 0x00, 0x3F, 0xBF, 0x80, 0x00, 0x0F, 0xEF, 0xE0, 0x00, 0x03,
  0xFB, 0xF8, 0x00, 0x00, 0xFE, 0xFF, 0x00, 0x00, 0x7F, 0xBF, 0xC0, 0x00,
  0x1F, 0xEF, 0xF0, 0x00, 0x07, 0xFF, 0xFE, 0x00, 0x03, 0xFE, 0x7F, 0x80,
  0x01, 0xFF, 0x9F, 0xF8, 0x00, 0xFF, 0xE3, 0xFF, 0x01, 0xFF, 0xF8, 0xFF,
  0xFF, 0xFF, 0xFE, 0x1F, 0xFF, 0xFF, 0xFF, 0x83, 0xFF, 0xFF, 0xFF, 0xE0,
  0x7F, 0xFF, 0xF7, 0xF8, 0x07, 0xFF, 0xF1, 0xFE, 0x00, 0x7F, 0xF0, 0x7F,
  0x80, 0x00, 0x00, 0x1F, 0xE0, 0x00, 0x00, 0x07, 0xF0, 0x00, 0x00, 0x03,
  0xFC, 0x00, 0x00, 0x00, 0xFF, 0x00, 0x00, 0x00, 0x3F, 0xC0, 0x00, 0x00,
  0x1F, 0xE0, 0x00, 0x00, 0x07, 0xF8, 0x00, 0x00, 0x03, 0xFC, 0x00, 0x00,
  0x01, 0xFF, 0x00, 0x00, 0x00, 0x7F, 0x80, 0x00, 0x00, 0x7F, 0xE0, 0x00,
  0x00, 0x3F, 0xF0, 0x02, 0x00, 0x7F, 0xF8, 0x00, 0xFF, 0xFF, 0xFE, 0x00,
  0x3F, 0xFF, 0xFF, 0x00, 0x0F, 0xFF, 0xFF, 0x00, 0x03, 0xFF, 0xFF, 0x80,
  0x00, 0xFF, 0xFF, 0x80, 0x00, 0x3F, 0xFF, 0x80, 0x00, 0x03, 0xFC, 0x00,
  0x00, 0x00, 0x0E, 0x07, 0xF1, 0xFF, 0x3F, 0xE7, 0xFF, 0xFF, 0xFF, 0xFB,
  0xFF, 0x7F, 0xCF, 0xF8, 0xFE, 0x07, 0x00, 0x00, 0x00, 0x00, 0x00, 0x00,
  0x00, 0x00, 0x00, 0x00, 0x00, 0x00, 0x00, 0x00, 0x00, 0x00, 0x00, 0x00,
  0x00, 0x00, 0x00, 0x00, 0x00, 0x00, 0x00, 0x07, 0xE1, 0xFE, 0x7F, 0xCF,
  0xFF, 0xFF, 0xFF, 0xFF, 0xFE, 0xFF, 0x9F, 0xF1, 0xFC, 0x1F, 0x00, 0x01,
  0x80, 0x7F, 0x07, 0xFC, 0x3F, 0xF1, 0xFF, 0x8F, 0xFC, 0x7F, 0xE3, 0xFF,
  0x1F, 0xF8, 0xFF, 0x83, 0xF8, 0x03, 0x00, 0x00, 0x00, 0x00, 0x00, 0x00,
  0x00, 0x00, 0x00, 0x00, 0x00, 0x00, 0x00, 0x00, 0x00, 0x00, 0x00, 0x00,
  0x00, 0x00, 0x00, 0x00, 0x00, 0x00, 0x00, 0x00, 0x00, 0x00, 0x00, 0x00,
  0x7F, 0x83, 0xFE, 0x1F, 0xF0, 0xFF, 0x87, 0xF8, 0x7F, 0xC3, 0xFE, 0x1F,
  0xE0, 0xFF, 0x07, 0xF8, 0x7F, 0x83, 0xFC, 0x1F, 0xE0, 0xFE, 0x07, 0xF0,
  0x7F, 0x03, 0xF8, 0x1F, 0x80, 0xFC, 0x00, 0x00, 0x00, 0x00, 0x00, 0x40,
  0x00, 0x00, 0x00, 0x70, 0x00, 0x00, 0x00, 0x7C, 0x00, 0x00, 0x00, 0x7F,
  0x00, 0x00, 0x00, 0x7F, 0xC0, 0x00, 0x00, 0x7F, 0xF0, 0x00, 0x00, 0x7F,
  0xFC, 0x00, 0x00, 0xFF, 0xFF, 0x00, 0x00, 0xFF, 0xFF, 0x00, 0x00, 0xFF,
  0xFE, 0x00, 0x00, 0xFF, 0xFE, 0x00, 0x00, 0xFF, 0xFE, 0x00, 0x00, 0xFF,
  0xFE, 0x00, 0x00, 0xFF, 0xFE, 0x00, 0x00, 0xFF, 0xFC, 0x00, 0x01, 0xFF,
  0xFC, 0x00, 0x00, 0xFF, 0xFC, 0x00, 0x00, 0x3F, 0xFC, 0x00, 0x00, 0x0F,
  0xF8, 0x00, 0x00, 0x03, 0xFF, 0x80, 0x00, 0x00, 0xFF, 0xFC, 0x00, 0x00,
  0x1F, 0xFF, 0xC0, 0x00, 0x01, 0xFF, 0xFC, 0x00, 0x00, 0x1F, 0xFF, 0xC0,
  0x00, 0x01, 0xFF, 0xFC, 0x00, 0x00, 0x0F, 0xFF, 0xE0, 0x00, 0x00, 0xFF,
  0xFE, 0x00, 0x00, 0x0F, 0xFF, 0xE0, 0x00, 0x00, 0xFF, 0xFE, 0x00, 0x00,
  0x0F, 0xFF, 0xE0, 0x00, 0x00, 0xFF, 0xFC, 0x00, 0x00, 0x0F, 0xFF, 0x00,
  0x00, 0x00, 0xFF, 0xC0, 0x00, 0x00, 0x07, 0xF0, 0x00, 0x00, 0x00, 0x7C,
  0x00, 0x00, 0x00, 0x07, 0x00, 0x00, 0x00, 0x00, 0x40, 0xFF, 0xFF, 0xFF,
  0xFF, 0xFF, 0xFF, 0xFF, 0xFF, 0xFF, 0xFF, 0xFF, 0xFF, 0xFF, 0xFF, 0xFF,
  0xFF, 0xFF, 0xFF, 0xFF, 0xFF, 0xFF, 0xFF, 0xFF, 0xFF, 0xFF, 0xF0, 0x00,
  0x00, 0x00, 0x00, 0x00, 0x00, 0x00, 0x00, 0x00, 0x00, 0x00, 0x00, 0x00,
  0x00, 0x00, 0x00, 0x00, 0x00, 0x00, 0x00, 0x00, 0x00, 0x00, 0x00, 0x00,
  0x00, 0x00, 0x00, 0x00, 0x3F, 0xFF, 0xFF, 0xFF, 0xFF, 0xFF, 0xFF, 0xFF,
  0xFF, 0xFF, 0xFF, 0xFF, 0xFF, 0xFF, 0xFF, 0xFF, 0xFF, 0xFF, 0xFF, 0xFF,
  0xFF, 0xFF, 0xFF, 0xFF, 0xFF, 0xFC, 0x00, 0x00, 0x00, 0x00, 0x30, 0x00,
  0x00, 0x00, 0x0F, 0x00, 0x00, 0x00, 0x03, 0xF0, 0x00, 0x00, 0x00, 0xFF,
  0x00, 0x00, 0x00, 0x3F, 0xF0, 0x00, 0x00, 0x0F, 0xFF, 0x80, 0x00, 0x03,
  0xFF, 0xF8, 0x00, 0x00, 0x3F, 0xFF, 0x80, 0x00, 0x03, 0xFF, 0xF8, 0x00,
  0x00, 0x3F, 0xFF, 0x80, 0x00, 0x03, 0xFF, 0xF8, 0x00, 0x00, 0x3F, 0xFF,
  0x80, 0x00, 0x01, 0xFF, 0xF8, 0x00, 0x00, 0x1F, 0xFF, 0xC0, 0x00, 0x01,
  0xFF, 0xFC, 0x00, 0x00, 0x1F, 0xFF, 0xC0, 0x00, 0x01, 0xFF, 0xF0, 0x00,
  0x00, 0x0F, 0xFC, 0x00, 0x00, 0x0F, 0xFF, 0x00, 0x00, 0x0F, 0xFF, 0xC0,
  0x00, 0x1F, 0xFF, 0xC0, 0x00, 0x1F, 0xFF, 0xC0, 0x00, 0x1F, 0xFF, 0xC0,
  0x00, 0x1F, 0xFF, 0xC0, 0x00, 0x1F, 0xFF, 0xC0, 0x00, 0x3F, 0xFF, 0x80,
  0x00, 0x3F, 0xFF, 0x80, 0x00, 0x3F, 0xFF, 0x80, 0x00, 0x3F, 0xFF, 0x80,
  0x00, 0x0F, 0xFF, 0x80, 0x00, 0x03, 0xFF, 0x80, 0x00, 0x00, 0xFF, 0x80,
  0x00, 0x00, 0x3F, 0x80, 0x00, 0x00, 0x0F, 0x00, 0x00, 0x00, 0x03, 0x00,
  0x00, 0x00, 0x00, 0x00, 0x00, 0x00, 0x00, 0x00, 0x00, 0x7F, 0xFC, 0x00,
  0x03, 0xFF, 0xFF, 0xC0, 0x07, 0xFF, 0xFF, 0xF8, 0x0F, 0xFF, 0xFF, 0xFE,
  0x0F, 0xFF, 0xFF, 0xFF, 0x83, 0xFF, 0xFF, 0xFF, 0xE1, 0xFF, 0xFF, 0xFF,
  0xF8, 0xFF, 0xC0, 0x0F, 0xFE, 0x3E, 0x00, 0x01, 0xFF, 0x1C, 0x00, 0x00,
  0x7F, 0x80, 0x00, 0x00, 0x1F, 0xE0, 0x00, 0x00, 0x0F, 0xF0, 0x00, 0x00,
  0x07, 0xF8, 0x00, 0x00, 0x03, 0xFC, 0x00, 0x00, 0x01, 0xFE, 0x00, 0x00,
  0x00, 0xFF, 0x00, 0x00, 0x00, 0x7F, 0x80, 0x00, 0x00, 0x3F, 0x80, 0x00,
  0x00, 0x3F, 0xC0, 0x00, 0x00, 0x3F, 0xE0, 0x00, 0x00, 0x3F, 0xE0, 0x00,
  0x00, 0x3F, 0xF0, 0x00, 0x00, 0x3F, 0xF0, 0x00, 0x00, 0x3F, 0xF0, 0x00,
  0x00, 0x7F, 0xF0, 0x00, 0x00, 0x7F, 0xF0, 0x00, 0x00, 0x7F, 0xF0, 0x00,
  0x00, 0x7F, 0xF0, 0x00, 0x00, 0x7F, 0xE0, 0x00, 0x00, 0x7F, 0xE0, 0x00,
  0x00, 0x3F, 0xE0, 0x00, 0x00, 0x3F, 0xE0, 0x00, 0x00, 0x1F, 0xE0, 0x00,
  0x00, 0x0F, 0xE0, 0x00, 0x00, 0x07, 0xF0, 0x00, 0x00, 0x03, 0xF8, 0x00,
  0x00, 0x01, 0xFC, 0x00, 0x00, 0x00, 0xFE, 0x00, 0x00, 0x00, 0x7F, 0x00,
  0x00, 0x00, 0x00, 0x00, 0x00, 0x00, 0x00, 0x00, 0x00, 0x00, 0x00, 0x00,
  0x00, 0x00, 0x07, 0xE0, 0x00, 0x00, 0x07, 0xFC, 0x00, 0x00, 0x03, 0xFE,
  0x00, 0x00, 0x03, 0xFF, 0x00, 0x00, 0x01, 0xFF, 0xC0, 0x00, 0x00, 0xFF,
  0xE0, 0x00, 0x00, 0x7F, 0xF0, 0x00, 0x00, 0x1F, 0xF0, 0x00, 0x00, 0x0F,
  0xF8, 0x00, 0x00, 0x07, 0xF8, 0x00, 0x00, 0x00, 0xF8, 0x00, 0x00, 0x00,
  0x00, 0xFF, 0xF8, 0x00, 0x00, 0x00, 0x7F, 0xFF, 0xC0, 0x00, 0x00, 0x3F,
  0xFF, 0xFE, 0x00, 0x00, 0x0F, 0xFF, 0xFF, 0xE0, 0x00, 0x07, 0xFF, 0xFF,
  0xFF, 0x00, 0x01, 0xFF, 0xFF, 0xFF, 0xE0, 0x00, 0x7F, 0xF0, 0x07, 0xFE,
  0x00, 0x0F, 0xF8, 0x00, 0x3F, 0xE0, 0x03, 0xFC, 0x00, 0x01, 0xFE, 0x00,
  0xFF, 0x00, 0x00, 0x1F, 0xC0, 0x1F, 0xC0, 0x00, 0x01, 0xFC, 0x07, 0xF0,
  0x00, 0x00, 0x3F, 0x80, 0xFE, 0x00, 0x00, 0x03, 0xF8, 0x3F, 0x80, 0x3F,
  0xF0, 0x7F, 0x07, 0xF0, 0x1F, 0xFF, 0xC7, 0xE1, 0xFC, 0x07, 0xFF, 0xFC,
  0xFE, 0x3F, 0x83, 0xFF, 0xFF, 0x9F, 0xC7, 0xE0, 0x7F, 0xFF, 0xF1, 0xF8,
  0xFC, 0x1F, 0xFF, 0xFE, 0x3F, 0x3F, 0x87, 0xF8, 0x1F, 0xC7, 0xE7, 0xF0,
  0xFE, 0x03, 0xF8, 0xFE, 0xFC, 0x3F, 0xC0, 0x7E, 0x1F, 0xDF, 0x87, 0xF0,
  0x1F, 0xC3, 0xFB, 0xF0, 0xFE, 0x03, 0xF8, 0x3F, 0x7E, 0x3F, 0xC0, 0x7F,
  0x07, 0xEF, 0xC7, 0xF0, 0x0F, 0xE0, 0xFF, 0xF8, 0xFE, 0x01, 0xFC, 0x1F,
  0xFF, 0x1F, 0xC0, 0x3F, 0x83, 0xFF, 0xE3, 0xF8, 0x07, 0xF0, 0x7F, 0xFC,
  0x7F, 0x00, 0xFE, 0x1F, 0xFF, 0x8F, 0xE0, 0x1F, 0xC3, 0xFF, 0xF1, 0xFC,
  0x03, 0xF8, 0x7E, 0xFE, 0x3F, 0x80, 0x7F, 0x0F, 0xDF, 0xC7, 0xF0, 0x1F,
  0xE1, 0xF9, 0xF8, 0xFF, 0x03, 0xFC, 0x3F, 0x3F, 0x0F, 0xE0, 0x7F, 0x87,
  0xE7, 0xE1, 0xFC, 0x1F, 0xF1, 0xF8, 0xFE, 0x3F, 0xC7, 0xFF, 0x3F, 0x1F,
  0xC3, 0xFF, 0xFF, 0xFF, 0xE3, 0xF8, 0x7F, 0xFF, 0x7F, 0xF8, 0x3F, 0x07,
  0xFF, 0xEF, 0xFE, 0x07, 0xF0, 0x7F, 0xF8, 0xFF, 0xC0, 0xFE, 0x07, 0xFE,
  0x0F, 0xF0, 0x0F, 0xE0, 0x3F, 0x00, 0xF8, 0x01, 0xFC, 0x00, 0x00, 0x00,
  0x00, 0x3F, 0xC0, 0x00, 0x00, 0x00, 0x03, 0xFC, 0x00, 0x00, 0x00, 0x00,
  0x3F, 0xC0, 0x00, 0x00, 0x00, 0x07, 0xFC, 0x00, 0x00, 0x10, 0x00, 0x7F,
  0xE0, 0x00, 0x0E, 0x00, 0x07, 0xFF, 0x80, 0x0F, 0xC0, 0x00, 0x7F, 0xFF,
  0xFF, 0xF8, 0x00, 0x07, 0xFF, 0xFF, 0xFF, 0x00, 0x00, 0x7F, 0xFF, 0xFF,
  0xE0, 0x00, 0x03, 0xFF, 0xFF, 0xFC, 0x00, 0x00, 0x3F, 0xFF, 0xFE, 0x00,
  0x00, 0x00, 0xFF, 0xFE, 0x00, 0x00, 0x00, 0x00, 0x00, 0x40, 0x00, 0x00,
  0x00, 0x0F, 0xF8, 0x00, 0x00, 0x00, 0x01, 0xFF, 0x00, 0x00, 0x00, 0x00,
  0x3F, 0xF0, 0x00, 0x00, 0x00, 0x0F, 0xFE, 0x00, 0x00, 0x00, 0x01, 0xFF,
  0xC0, 0x00, 0x00, 0x00, 0x3F, 0xFC, 0x00, 0x00, 0x00, 0x0F, 0xFF, 0x80,
  0x00, 0x00, 0x01, 0xFF, 0xF0, 0x00, 0x00, 0x00, 0x3F, 0xFF, 0x00, 0x00,
  0x00, 0x0F, 0xFF, 0xE0, 0x00, 0x00, 0x01, 0xFD, 0xFC, 0x00, 0x00, 0x00,
  0x3F, 0xBF, 0xC0, 0x00, 0x00, 0x0F, 0xF7, 0xF8, 0x00, 0x00, 0x01, 0xFC,
  0x7F, 0x00, 0x00, 0x00, 0x3F, 0x8F, 0xF0, 0x00, 0x00, 0x0F, 0xF1, 0xFE,
  0x00, 0x00, 0x01, 0xFE, 0x1F, 0xC0, 0x00, 0x00, 0x7F, 0x83, 0xFC, 0x00,
  0x00, 0x0F, 0xF0, 0x7F, 0x80, 0x00, 0x01, 0xFE, 0x07, 0xF0, 0x00, 0x00,
  0x7F, 0x80, 0xFF, 0x00, 0x00, 0x0F, 0xF0, 0x1F, 0xE0, 0x00, 0x01, 0xFE,
  0x01, 0xFC, 0x00, 0x00, 0x7F, 0x80, 0x3F, 0xC0, 0x00, 0x0F, 0xF0, 0x07,
  0xF8, 0x00, 0x01, 0xFE, 0x00, 0xFF, 0x00, 0x00, 0x7F, 0x80, 0x0F, 0xF0,
  0x00, 0x0F, 0xF0, 0x01, 0xFE, 0x00, 0x01, 0xFE, 0x00, 0x3F, 0xC0, 0x00,
  0x7F, 0xFF, 0xFF, 0xFC, 0x00, 0x0F, 0xFF, 0xFF, 0xFF, 0x80, 0x01, 0xFF,
  0xFF, 0xFF, 0xF0, 0x00, 0x7F, 0xFF, 0xFF, 0xFF, 0x00, 0x0F, 0xFF, 0xFF,
  0xFF, 0xE0, 0x01, 0xFF, 0xFF, 0xFF, 0xFC, 0x00, 0x7F, 0xFF, 0xFF, 0xFF,
  0xC0, 0x0F, 0xF0, 0x00, 0x07, 0xF8, 0x01, 0xFE, 0x00, 0x00, 0xFF, 0x00,
  0x7F, 0xC0, 0x00, 0x0F, 0xF0, 0x0F, 0xF0, 0x00, 0x01, 0xFE, 0x01, 0xFE,
  0x00, 0x00, 0x3F, 0xC0, 0x7F, 0xC0, 0x00, 0x03, 0xFC, 0x0F, 0xF0, 0x00,
  0x00, 0x7F, 0x81, 0xFE, 0x00, 0x00, 0x0F, 0xF0, 0x7F, 0xC0, 0x00, 0x00,
  0xFF, 0x0F, 0xF0, 0x00, 0x00, 0x1F, 0xE1, 0xFE, 0x00, 0x00, 0x03, 0xFE,
  0x7F, 0xC0, 0x00, 0x00, 0x3F, 0xCF, 0xF0, 0x00, 0x00, 0x07, 0xF9, 0xFE,
  0x00, 0x00, 0x00, 0xFF, 0xFF, 0xC0, 0x00, 0x00, 0x0F, 0xF0, 0xFF, 0xFF,
  0xFF, 0x80, 0x07, 0xFF, 0xFF, 0xFF, 0x80, 0x3F, 0xFF, 0xFF, 0xFF, 0x01,
  0xFF, 0xFF, 0xFF, 0xFE, 0x0F, 0xFF, 0xFF, 0xFF, 0xF8, 0x7F, 0xFF, 0xFF,
  0xFF, 0xC3, 0xFF, 0xFF, 0xFF, 0xFF, 0x1F, 0xE0, 0x00, 0x3F, 0xF8, 0xFF,
  0x00, 0x00, 0x7F, 0xE7, 0xF8, 0x00, 0x01, 0xFF, 0x3F, 0xC0, 0x00, 0x07,
  0xF9, 0xFE, 0x00, 0x00, 0x3F, 0xCF, 0xF0, 0x00, 0x01, 0xFE, 0x7F, 0x80,
  0x00, 0x0F, 0xF3, 0xFC, 0x00, 0x00, 0x7F, 0x9F, 0xE0, 0x00, 0x03, 0xFC,
  0xFF, 0x00, 0x00, 0x1F, 0xE7, 0xF8, 0x00, 0x01, 0xFE, 0x3F, 0xC0, 0x00,
  0x1F, 0xF1, 0xFE, 0x00, 0x01, 0xFF, 0x0F, 0xF0, 0x00, 0x7F, 0xF0, 0x7F,
  0xFF, 0xFF, 0xFF, 0x03, 0xFF, 0xFF, 0xFF, 0xF0, 0x1F, 0xFF, 0xFF, 0xFE,
  0x00, 0xFF, 0xFF, 0xFF, 0xF8, 0x07, 0xFF, 0xFF, 0xFF, 0xF0, 0x3F, 0xFF,
  0xFF, 0xFF, 0xC1, 0xFF, 0xFF, 0xFF, 0xFF, 0x8F, 0xF0, 0x00, 0x0F, 0xFC,
  0x7F, 0x80, 0x00, 0x1F, 0xF3, 0xFC, 0x00, 0x00, 0x7F, 0xDF, 0xE0, 0x00,
  0x03, 0xFE, 0xFF, 0x00, 0x00, 0x0F, 0xF7, 0xF8, 0x00, 0x00, 0x7F, 0xFF,
  0xC0, 0x00, 0x03, 0xFF, 0xFE, 0x00, 0x00, 0x1F, 0xFF, 0xF0, 0x00, 0x00,
  0xFF, 0xFF, 0x80, 0x00, 0x07, 0xFF, 0xFC, 0x00, 0x00, 0x3F, 0xFF, 0xE0,
  0x00, 0x01, 0xFE, 0xFF, 0x00, 0x00, 0x1F, 0xF7, 0xF8, 0x00, 0x01, 0xFF,
  0xBF, 0xC0, 0x00, 0x1F, 0xF9, 0xFE, 0x00, 0x03, 0xFF, 0xCF, 0xFF, 0xFF,
  0xFF, 0xFC, 0x7F, 0xFF, 0xFF, 0xFF, 0xC3, 0xFF, 0xFF, 0xFF, 0xFC, 0x1F,
  0xFF, 0xFF, 0xFF, 0xC0, 0xFF, 0xFF, 0xFF, 0xFC, 0x07, 0xFF, 0xFF, 0xFF,
  0x80, 0x3F, 0xFF, 0xFF, 0xC0, 0x00, 0x00, 0x00, 0x3F, 0xFE, 0x00, 0x00,
  0x0F, 0xFF, 0xFF, 0x80, 0x00, 0xFF, 0xFF, 0xFF, 0x80, 0x0F, 0xFF, 0xFF,
  0xFF, 0x00, 0x7F, 0xFF, 0xFF, 0xFC, 0x03, 0xFF, 0xFF, 0xFF, 0xE0, 0x1F,
  0xFF, 0xFF, 0xFF, 0x80, 0xFF, 0xFC, 0x03, 0xFC, 0x07, 0xFF, 0x80, 0x00,
  0xF0, 0x3F, 0xF8, 0x00, 0x00, 0x80, 0xFF, 0xC0, 0x00, 0x00, 0x07, 0xFE,
  0x00, 0x00, 0x00, 0x1F, 0xF0, 0x00, 0x00, 0x00, 0xFF, 0x80, 0x00, 0x00,
  0x03, 0xFE, 0x00, 0x00, 0x00, 0x1F, 0xF0, 0x00, 0x00, 0x00, 0x7F, 0xC0,
  0x00, 0x00, 0x01, 0xFE, 0x00, 0x00, 0x00, 0x07, 0xF8, 0x00, 0x00, 0x00,
  0x3F, 0xE0, 0x00, 0x00, 0x00, 0xFF, 0x80, 0x00, 0x00, 0x03, 0xFE, 0x00,
  0x00, 0x00, 0x0F, 0xF0, 0x00, 0x00, 0x00, 0x3F, 0xC0, 0x00, 0x00, 0x00,
  0xFF, 0x00, 0x00, 0x00, 0x03, 0xFC, 0x00, 0x00, 0x00, 0x0F, 0xF0, 0x00,
  0x00, 0x00, 0x3F, 0xC0, 0x00, 0x00, 0x00, 0xFF, 0x00, 0x00, 0x00, 0x03,
  0xFC, 0x00, 0x00, 0x00, 0x0F, 0xF0, 0x00, 0x00, 0x00, 0x3F, 0xE0, 0x00,
  0x00, 0x00, 0xFF, 0x80, 0x00, 0x00, 0x03, 0xFE, 0x00, 0x00, 0x00, 0x07,
  0xF8, 0x00, 0x00, 0x00, 0x1F, 0xE0, 0x00, 0x00, 0x00, 0x7F, 0xC0, 0x00,
  0x00, 0x01, 0xFF, 0x00, 0x00, 0x00, 0x03, 0xFE, 0x00, 0x00, 0x00, 0x0F,
  0xF8, 0x00, 0x00, 0x00, 0x3F, 0xF0, 0x00, 0x00, 0x00, 0x7F, 0xE0, 0x00,
  0x00, 0x01, 0xFF, 0xC0, 0x00, 0x00, 0x03, 0xFF, 0xC0, 0x00, 0x04, 0x07,
  0xFF, 0xC0, 0x00, 0xF0, 0x0F, 0xFF, 0xF9, 0xFF, 0xC0, 0x3F, 0xFF, 0xFF,
  0xFF, 0x00, 0x7F, 0xFF, 0xFF, 0xFC, 0x00, 0x7F, 0xFF, 0xFF, 0xF0, 0x00,
  0xFF, 0xFF, 0xFF, 0xC0, 0x00, 0xFF, 0xFF, 0xFF, 0x00, 0x00, 0xFF, 0xFF,
  0xE0, 0x00, 0x00, 0x1F, 0xE0, 0x00, 0xFF, 0xFF, 0xF8, 0x00, 0x07, 0xFF,
  0xFF, 0xF8, 0x00, 0x3F, 0xFF, 0xFF, 0xF0, 0x01, 0xFF, 0xFF, 0xFF, 0xC0,
  0x0F, 0xFF, 0xFF, 0xFF, 0x80, 0x7F, 0xFF, 0xFF, 0xFE, 0x03, 0xFF, 0xFF,
  0xFF, 0xF8, 0x1F, 0xE0, 0x03, 0xFF, 0xE0, 0xFF, 0x00, 0x07, 0xFF, 0x07,
  0xF8, 0x00, 0x0F, 0xFC, 0x3F, 0xC0, 0x00, 0x3F, 0xF1, 0xFE, 0x00, 0x00,
  0xFF, 0x8F, 0xF0, 0x00, 0x03, 0xFE, 0x7F, 0x80, 0x00, 0x1F, 0xF3, 0xFC,
  0x00, 0x00, 0x7F, 0xDF, 0xE0, 0x00, 0x03, 0xFE, 0xFF, 0x00, 0x00, 0x1F,
  0xF7, 0xF8, 0x00, 0x00, 0x7F, 0xBF, 0xC0, 0x00, 0x03, 0xFF, 0xFE, 0x00,
  0x00, 0x1F, 0xFF, 0xF0, 0x00, 0x00, 0xFF, 0xFF, 0x80, 0x00, 0x07, 0xFF,
  0xFC, 0x00, 0x00, 0x1F, 0xFF, 0xE0, 0x00, 0x00, 0xFF, 0xFF, 0x00, 0x00,
  0x07, 0xFF, 0xF8, 0x00, 0x00, 0x3F, 0xFF, 0xC0, 0x00, 0x01, 0xFF, 0xFE,
  0x00, 0x00, 0x0F, 0xFF, 0xF0, 0x00, 0x00, 0x7F, 0xFF, 0x80, 0x00, 0x07,
  0xFF, 0xFC, 0x00, 0x00, 0x3F, 0xFF, 0xE0, 0x00, 0x01, 0xFE, 0xFF, 0x00,
  0x00, 0x0F, 0xF7, 0xF8, 0x00, 0x00, 0x7F, 0xBF, 0xC0, 0x00, 0x07, 0xFD,
  0xFE, 0x00, 0x00, 0x3F, 0xEF, 0xF0, 0x00, 0x03, 0xFE, 0x7F, 0x80, 0x00,
  0x1F, 0xF3, 0xFC, 0x00, 0x01, 0xFF, 0x1F, 0xE0, 0x00, 0x1F, 0xF8, 0xFF,
  0x00, 0x01, 0xFF, 0x87, 0xF8, 0x00, 0x3F, 0xFC, 0x3F, 0xC0, 0x07, 0xFF,
  0xC1, 0xFE, 0x01, 0xFF, 0xFC, 0x0F, 0xFF, 0xFF, 0xFF, 0xC0, 0x7F, 0xFF,
  0xFF, 0xFC, 0x03, 0xFF, 0xFF, 0xFF, 0xC0, 0x1F, 0xFF, 0xFF, 0xF8, 0x00,
  0xFF, 0xFF, 0xFF, 0x00, 0x07, 0xFF, 0xFF, 0xE0, 0x00, 0x3F, 0xFF, 0xF0,
  0x00, 0x00, 0xFF, 0xFF, 0xFF, 0xFF, 0xFF, 0xFF, 0xFF, 0xFF, 0xFF, 0xFF,
  0xFF, 0xFF, 0xFF, 0xFF, 0xFF, 0xFF, 0xFF, 0xFF, 0xFF, 0xFF, 0xFF, 0xFF,
  0xFF, 0xFF, 0xFF, 0xFF, 0xFF, 0xFF, 0x80, 0x00, 0x00, 0xFF, 0x00, 0x00,
  0x01, 0xFE, 0x00, 0x00, 0x03, 0xFC, 0x00, 0x00, 0x07, 0xF8, 0x00, 0x00,
  0x0F, 0xF0, 0x00, 0x00, 0x1F, 0xE0, 0x00, 0x00, 0x3F, 0xC0, 0x00, 0x00,
  0x7F, 0x80, 0x00, 0x00, 0xFF, 0x00, 0x00, 0x01, 0xFE, 0x00, 0x00, 0x03,
  0xFC, 0x00, 0x00, 0x07, 0xF8, 0x00, 0x00, 0x0F, 0xF0, 0x00, 0x00, 0x1F,
  0xFF, 0xFF, 0xFF, 0xBF, 0xFF, 0xFF, 0xFF, 0x7F, 0xFF, 0xFF, 0xFE, 0xFF,
  0xFF, 0xFF, 0xFD, 0xFF, 0xFF, 0xFF, 0xFB, 0xFF, 0xFF, 0xFF, 0xF7, 0xFF,
  0xFF, 0xFF, 0xEF, 0xF0, 0x00, 0x00, 0x1F, 0xE0, 0x00, 0x00, 0x3F, 0xC0,
  0x00, 0x00, 0x7F, 0x80, 0x00, 0x00, 0xFF, 0x00, 0x00, 0x01, 0xFE, 0x00,
  0x00, 0x03, 0xFC, 0x00, 0x00, 0x07, 0xF8, 0x00, 0x00, 0x0F, 0xF0, 0x00,
  0x00, 0x1F, 0xE0, 0x00, 0x00, 0x3F, 0xC0, 0x00, 0x00, 0x7F, 0x80, 0x00,
  0x00, 0xFF, 0x00, 0x00, 0x01, 0xFE, 0x00, 0x00, 0x03, 0xFC, 0x00, 0x00,
  0x07, 0xF8, 0x00, 0x00, 0x0F, 0xFF, 0xFF, 0xFF, 0xFF, 0xFF, 0xFF, 0xFF,
  0xFF, 0xFF, 0xFF, 0xFF, 0xFF, 0xFF, 0xFF, 0xFF, 0xFF, 0xFF, 0xFF, 0xFF,
  0xFF, 0xFF, 0xFF, 0xFF, 0xFF, 0xFF, 0xFF, 0xF8, 0xFF, 0xFF, 0xFF, 0xFF,
  0xFF, 0xFF, 0xFF, 0xFF, 0xFF, 0xFF, 0xFF, 0xFF, 0xFF, 0xFF, 0xFF, 0xFF,
  0xFF, 0xFF, 0xFF, 0xFF, 0xFF, 0xFF, 0xFF, 0xFF, 0xFF, 0xFF, 0xFF, 0xFF,
  0x80, 0x00, 0x00, 0xFF, 0x00, 0x00, 0x01, 0xFE, 0x00, 0x00, 0x03, 0xFC,
  0x00, 0x00, 0x07, 0xF8, 0x00, 0x00, 0x0F, 0xF0, 0x00, 0x00, 0x1F, 0xE0,
  0x00, 0x00, 0x3F, 0xC0, 0x00, 0x00, 0x7F, 0x80, 0x00, 0x00, 0xFF, 0x00,
  0x00, 0x01, 0xFE, 0x00, 0x00, 0x03, 0xFC, 0x00, 0x00, 0x07, 0xF8, 0x00,
  0x00, 0x0F, 0xF0, 0x00, 0x00, 0x1F, 0xE0, 0x00, 0x00, 0x3F, 0xC0, 0x00,
  0x00, 0x7F, 0xFF, 0xFF, 0xFE, 0xFF, 0xFF, 0xFF, 0xFD, 0xFF, 0xFF, 0xFF,
  0xFB, 0xFF, 0xFF, 0xFF, 0xF7, 0xFF, 0xFF, 0xFF, 0xEF, 0xFF, 0xFF, 0xFF,
  0xDF, 0xFF, 0xFF, 0xFF, 0xBF, 0xC0, 0x00, 0x00, 0x7F, 0x80, 0x00, 0x00,
  0xFF, 0x00, 0x00, 0x01, 0xFE, 0x00, 0x00, 0x03, 0xFC, 0x00, 0x00, 0x07,
  0xF8, 0x00, 0x00, 0x0F, 0xF0, 0x00, 0x00, 0x1F, 0xE0, 0x00, 0x00, 0x3F,
  0xC0, 0x00, 0x00, 0x7F, 0x80, 0x00, 0x00, 0xFF, 0x00, 0x00, 0x01, 0xFE,
  0x00, 0x00, 0x03, 0xFC, 0x00, 0x00, 0x07, 0xF8, 0x00, 0x00, 0x0F, 0xF0,
  0x00, 0x00, 0x1F, 0xE0, 0x00, 0x00, 0x3F, 0xC0, 0x00, 0x00, 0x7F, 0x80,
  0x00, 0x00, 0xFF, 0x00, 0x00, 0x01, 0xFE, 0x00, 0x00, 0x03, 0xFC, 0x00,
  0x00, 0x00, 0x00, 0x00, 0x7F, 0xF8, 0x00, 0x00, 0x3F, 0xFF, 0xF0, 0x00,
  0x0F, 0xFF, 0xFF, 0xC0, 0x03, 0xFF, 0xFF, 0xFE, 0x00, 0x7F, 0xFF, 0xFF,
  0xE0, 0x0F, 0xFF, 0xFF, 0xFE, 0x01, 0xFF, 0xFF, 0xFF, 0xC0, 0x3F, 0xFE,
  0x03, 0xFC, 0x07, 0xFF, 0x00, 0x07, 0x80, 0xFF, 0xE0, 0x00, 0x18, 0x0F,
  0xFC, 0x00, 0x00, 0x01, 0xFF, 0x80, 0x00, 0x00, 0x1F, 0xF0, 0x00, 0x00,
  0x03, 0xFE, 0x00, 0x00, 0x00, 0x3F, 0xE0, 0x00, 0x00, 0x03, 0xFC, 0x00,
  0x00, 0x00, 0x3F, 0xC0, 0x00, 0x00, 0x07, 0xFC, 0x00, 0x00, 0x00, 0x7F,
  0xC0, 0x00, 0x00, 0x07, 0xF8, 0x00, 0x00, 0x00, 0x7F, 0x80, 0x00, 0x00,
  0x07, 0xF8, 0x00, 0x00, 0x00, 0x7F, 0x80, 0x00, 0x00, 0x0F, 0xF8, 0x00,
  0x00, 0x00, 0xFF, 0x80, 0x0F, 0xFF, 0xFF, 0xF8, 0x00, 0xFF, 0xFF, 0xFF,
  0x80, 0x0F, 0xFF, 0xFF, 0xF8, 0x00, 0xFF, 0xFF, 0xFF, 0x80, 0x0F, 0xFF,
  0xFF, 0xF8, 0x00, 0xFF, 0xFF, 0x7F, 0x80, 0x0F, 0xFF, 0xF7, 0xF8, 0x00,
  0x00, 0xFF, 0x7F, 0x80, 0x00, 0x0F, 0xF7, 0xF8, 0x00, 0x00, 0xFF, 0x7F,
  0x80, 0x00, 0x0F, 0xF7, 0xFC, 0x00, 0x00, 0xFF, 0x3F, 0xC0, 0x00, 0x0F,
  0xF3, 0xFC, 0x00, 0x00, 0xFF, 0x3F, 0xE0, 0x00, 0x0F, 0xF3, 0xFE, 0x00,
  0x00, 0xFF, 0x1F, 0xF0, 0x00, 0x0F, 0xF1, 0xFF, 0x80, 0x00, 0xFF, 0x0F,
  0xF8, 0x00, 0x0F, 0xF0, 0xFF, 0xE0, 0x00, 0xFF, 0x07, 0xFF, 0x00, 0x0F,
  0xF0, 0x3F, 0xFF, 0x9F, 0xFF, 0x03, 0xFF, 0xFF, 0xFF, 0xF0, 0x1F, 0xFF,
  0xFF, 0xFF, 0x00, 0xFF, 0xFF, 0xFF, 0xF0, 0x03, 0xFF, 0xFF, 0xFF, 0x00,
  0x1F, 0xFF, 0xFF, 0xC0, 0x00, 0x7F, 0xFF, 0xE0, 0x00, 0x00, 0x7F, 0x80,
  0x00, 0xFF, 0x00, 0x00, 0x1F, 0xFF, 0xE0, 0x00, 0x03, 0xFF, 0xFC, 0x00,
  0x00, 0x7F, 0xFF, 0x80, 0x00, 0x0F, 0xFF, 0xF0, 0x00, 0x01, 0xFF, 0xFE,
  0x00, 0x00, 0x3F, 0xFF, 0xC0, 0x00, 0x07, 0xFF, 0xF8, 0x00, 0x00, 0xFF,
  0xFF, 0x00, 0x00, 0x1F, 0xFF, 0xE0, 0x00, 0x03, 0xFF, 0xFC, 0x00, 0x00,
  0x7F, 0xFF, 0x80, 0x00, 0x0F, 0xFF, 0xF0, 0x00, 0x01, 0xFF, 0xFE, 0x00,
  0x00, 0x3F, 0xFF, 0xC0, 0x00, 0x07, 0xFF, 0xF8, 0x00, 0x00, 0xFF, 0xFF,
  0x00, 0x00, 0x1F, 0xFF, 0xE0, 0x00, 0x03, 0xFF, 0xFC, 0x00, 0x00, 0x7F,
  0xFF, 0x80, 0x00, 0x0F, 0xFF, 0xF0, 0x00, 0x01, 0xFF, 0xFF, 0xFF, 0xFF,
  0xFF, 0xFF, 0xFF, 0xFF, 0xFF, 0xFF, 0xFF, 0xFF, 0xFF, 0xFF, 0xFF, 0xFF,
  0xFF, 0xFF, 0xFF, 0xFF, 0xFF, 0xFF, 0xFF, 0xFF, 0xFF, 0xFF, 0xFF, 0xFF,
  0xFF, 0xFF, 0xFF, 0xFF, 0xF0, 0x00, 0x01, 0xFF, 0xFE, 0x00, 0x00, 0x3F,
  0xFF, 0xC0, 0x00, 0x07, 0xFF, 0xF8, 0x00, 0x00, 0xFF, 0xFF, 0x00, 0x00,
  0x1F, 0xFF, 0xE0, 0x00, 0x03, 0xFF, 0xFC, 0x00, 0x00, 0x7F, 0xFF, 0x80,
  0x00, 0x0F, 0xFF, 0xF0, 0x00, 0x01, 0xFF, 0xFE, 0x00, 0x00, 0x3F, 0xFF,
  0xC0, 0x00, 0x07, 0xFF, 0xF8, 0x00, 0x00, 0xFF, 0xFF, 0x00, 0x00, 0x1F,
  0xFF, 0xE0, 0x00, 0x03, 0xFF, 0xFC, 0x00, 0x00, 0x7F, 0xFF, 0x80, 0x00,
  0x0F, 0xFF, 0xF0, 0x00, 0x01, 0xFF, 0xFE, 0x00, 0x00, 0x3F, 0xFF, 0xC0,
  0x00, 0x07, 0xFF, 0xF8, 0x00, 0x00, 0xFF, 0xFF, 0x00, 0x00, 0x1F, 0xFF,
  0xE0, 0x00, 0x03, 0xFF, 0xFC, 0x00, 0x00, 0x7F, 0x80, 0xFF, 0xFF, 0xFF,
  0xFF, 0xFF, 0xFF, 0xFF, 0xFF, 0xFF, 0xFF, 0xFF, 0xFF, 0xFF, 0xFF, 0xFF,
  0xFF, 0xFF, 0xFF, 0x8F, 0xFF, 0xFF, 0xE0, 0x00, 0x7F, 0x80, 0x00, 0x03,
  0xFC, 0x00, 0x00, 0x1F, 0xE0, 0x00, 0x00, 0xFF, 0x00, 0x00, 0x07, 0xF8,
  0x00, 0x00, 0x3F, 0xC0, 0x00, 0x01, 0xFE, 0x00, 0x00, 0x0F, 0xF0, 0x00,
  0x00, 0x7F, 0x80, 0x00, 0x03, 0xFC, 0x00, 0x00, 0x1F, 0xE0, 0x00, 0x00,
  0xFF, 0x00, 0x00, 0x07, 0xF8, 0x00, 0x00, 0x3F, 0xC0, 0x00, 0x01, 0xFE,
  0x00, 0x00, 0x0F, 0xF0, 0x00, 0x00, 0x7F, 0x80, 0x00, 0x03, 0xFC, 0x00,
  0x00, 0x1F, 0xE0, 0x00, 0x00, 0xFF, 0x00, 0x00, 0x07, 0xF8, 0x00, 0x00,
  0x3F, 0xC0, 0x00, 0x01, 0xFE, 0x00, 0x00, 0x0F, 0xF0, 0x00, 0x00, 0x7F,
  0x80, 0x00, 0x03, 0xFC, 0x00, 0x00, 0x1F, 0xE0, 0x00, 0x00, 0xFF, 0x00,
  0x00, 0x07, 0xF8, 0x00, 0x00, 0x3F, 0xC0, 0x00, 0x01, 0xFE, 0x00, 0x00,
  0x0F, 0xF0, 0x00, 0x00, 0x7F, 0x80, 0x00, 0x03, 0xFC, 0x00, 0x00, 0x1F,
  0xE0, 0x00, 0x00, 0xFF, 0x00, 0x00, 0x07, 0xF8, 0x00, 0x00, 0x3F, 0xC0,
  0x00, 0x01, 0xFE, 0x00, 0x7F, 0xFF, 0xFF, 0xFF, 0xFF, 0xFF, 0xFF, 0xFF,
  0xFF, 0xFF, 0xFF, 0xFF, 0xFF, 0xFF, 0xFF, 0xFF, 0xFF, 0xFF, 0xFF, 0xFF,
  0xFF, 0xFE, 0x00, 0x00, 0x01, 0xFE, 0x00, 0x00, 0x03, 0xFC, 0x00, 0x00,
  0x07, 0xF8, 0x00, 0x00, 0x0F, 0xF0, 0x00, 0x00, 0x1F, 0xE0, 0x00, 0x00,
  0x3F, 0xC0, 0x00, 0x00, 0x7F, 0x80, 0x00, 0x00, 0xFF, 0x00, 0x00, 0x01,
  0xFE, 0x00, 0x00, 0x03, 0xFC, 0x00, 0x00, 0x07, 0xF8, 0x00, 0x00, 0x0F,
  0xF0, 0x00, 0x00, 0x1F, 0xE0, 0x00, 0x00, 0x3F, 0xC0, 0x00, 0x00, 0x7F,
  0x80, 0x00, 0x00, 0xFF, 0x00, 0x00, 0x01, 0xFE, 0x00, 0x00, 0x03, 0xFC,
  0x00, 0x00, 0x07, 0xF8, 0x00, 0x00, 0x0F, 0xF0, 0x00, 0x00, 0x1F, 0xE0,
  0x00, 0x00, 0x3F, 0xC0, 0x00, 0x00, 0x7F, 0x80, 0x00, 0x00, 0xFF, 0x00,
  0x00, 0x01, 0xFE, 0x00, 0x00, 0x03, 0xFC, 0x00, 0x00, 0x07, 0xF8, 0x00,
  0x00, 0x0F, 0xF0, 0x00, 0x00, 0x1F, 0xE0, 0x00, 0x00, 0x3F, 0xC0, 0x00,
  0x00, 0x7F, 0x80, 0x00, 0x00, 0xFF, 0x00, 0x00, 0x01, 0xFE, 0x00, 0x00,
  0x03, 0xFC, 0x00, 0x00, 0x07, 0xF8, 0x00, 0x00, 0x0F, 0xF0, 0x00, 0x00,
  0x1F, 0xE0, 0x00, 0x00, 0x3F, 0xC0, 0x00, 0x00, 0x7F, 0x80, 0x00, 0x01,
  0xFF, 0x00, 0x00, 0x03, 0xFC, 0x00, 0x00, 0x0F, 0xFA, 0x00, 0x00, 0x7F,
  0xE7, 0x80, 0x01, 0xFF, 0xCF, 0xFC, 0x7F, 0xFF, 0x1F, 0xFF, 0xFF, 0xFE,
  0x3F, 0xFF, 0xFF, 0xF8, 0x7F, 0xFF, 0xFF, 0xE0, 0xFF, 0xFF, 0xFF, 0x01,
  0xFF, 0xFF, 0xF8, 0x00, 0x7F, 0xFF, 0xC0, 0x00, 0x07, 0xF8, 0x00, 0x00,
  0xFF, 0x00, 0x00, 0x3F, 0xEF, 0xF0, 0x00, 0x07, 0xFC, 0xFF, 0x00, 0x00,
  0x7F, 0xCF, 0xF0, 0x00, 0x0F, 0xF8, 0xFF, 0x00, 0x01, 0xFF, 0x0F, 0xF0,
  0x00, 0x3F, 0xE0, 0xFF, 0x00, 0x07, 0xFC, 0x0F, 0xF0, 0x00, 0x7F, 0x80,
  0xFF, 0x00, 0x0F, 0xF8, 0x0F, 0xF0, 0x01, 0xFF, 0x00, 0xFF, 0x00, 0x3F,
  0xE0, 0x0F, 0xF0, 0x07, 0xFC, 0x00, 0xFF, 0x00, 0x7F, 0x80, 0x0F, 0xF0,
  0x0F, 0xF0, 0x00, 0xFF, 0x01, 0xFF, 0x00, 0x0F, 0xF0, 0x3F, 0xE0, 0x00,
  0xFF, 0x07, 0xFC, 0x00, 0x0F, 0xF0, 0xFF, 0x80, 0x00, 0xFF, 0x0F, 0xF0,
  0x00, 0x0F, 0xF1, 0xFE, 0x00, 0x00, 0xFF, 0x3F, 0xE0, 0x00, 0x0F, 0xF3,
  0xFC, 0x00, 0x00, 0xFF, 0x7F, 0x80, 0x00, 0x0F, 0xFF, 0xFC, 0x00, 0x00,
  0xFF, 0xFF, 0xE0, 0x00, 0x0F, 0xFF, 0xFE, 0x00, 0x00, 0xFF, 0xFF, 0xF0,
  0x00, 0x0F, 0xFC, 0xFF, 0x80, 0x00, 0xFF, 0x87, 0xF8, 0x00, 0x0F, 0xF0,
  0x7F, 0xC0, 0x00, 0xFF, 0x03, 0xFE, 0x00, 0x0F, 0xF0, 0x1F, 0xE0, 0x00,
  0xFF, 0x00, 0xFF, 0x00, 0x0F, 0xF0, 0x0F, 0xF8, 0x00, 0xFF, 0x00, 0x7F,
  0x80, 0x0F, 0xF0, 0x07, 0xFC, 0x00, 0xFF, 0x00, 0x3F, 0xE0, 0x0F, 0xF0,
  0x01, 0xFE, 0x00, 0xFF, 0x00, 0x1F, 0xF0, 0x0F, 0xF0, 0x00, 0xFF, 0x80,
  0xFF, 0x00, 0x07, 0xF8, 0x0F, 0xF0, 0x00, 0x7F, 0xC0, 0xFF, 0x00, 0x03,
  0xFE, 0x0F, 0xF0, 0x00, 0x1F, 0xE0, 0xFF, 0x00, 0x01, 0xFF, 0x0F, 0xF0,
  0x00, 0x0F, 0xF8, 0xFF, 0x00, 0x00, 0xFF, 0x8F, 0xF0, 0x00, 0x07, 0xFC,
  0xFF, 0x00, 0x00, 0x3F, 0xEF, 0xF0, 0x00, 0x03, 0xFE, 0xFF, 0x00, 0x00,
  0x1F, 0xF0, 0xFF, 0x00, 0x00, 0x01, 0xFE, 0x00, 0x00, 0x03, 0xFC, 0x00,
  0x00, 0x07, 0xF8, 0x00, 0x00, 0x0F, 0xF0, 0x00, 0x00, 0x1F, 0xE0, 0x00,
  0x00, 0x3F, 0xC0, 0x00, 0x00, 0x7F, 0x80, 0x00, 0x00, 0xFF, 0x00, 0x00,
  0x01, 0xFE, 0x00, 0x00, 0x03, 0xFC, 0x00, 0x00, 0x07, 0xF8, 0x00, 0x00,
  0x0F, 0xF0, 0x00, 0x00, 0x1F, 0xE0, 0x00, 0x00, 0x3F, 0xC0, 0x00, 0x00,
  0x7F, 0x80, 0x00, 0x00, 0xFF, 0x00, 0x00, 0x01, 0xFE, 0x00, 0x00, 0x03,
  0xFC, 0x00, 0x00, 0x07, 0xF8, 0x00, 0x00, 0x0F, 0xF0, 0x00, 0x00, 0x1F,
  0xE0, 0x00, 0x00, 0x3F, 0xC0, 0x00, 0x00, 0x7F, 0x80, 0x00, 0x00, 0xFF,
  0x00, 0x00, 0x01, 0xFE, 0x00, 0x00, 0x03, 0xFC, 0x00, 0x00, 0x07, 0xF8,
  0x00, 0x00, 0x0F, 0xF0, 0x00, 0x00, 0x1F, 0xE0, 0x00, 0x00, 0x3F, 0xC0,
  0x00, 0x00, 0x7F, 0x80, 0x00, 0x00, 0xFF, 0x00, 0x00, 0x01, 0xFE, 0x00,
  0x00, 0x03, 0xFC, 0x00, 0x00, 0x07, 0xF8, 0x00, 0x00, 0x0F, 0xF0, 0x00,
  0x00, 0x1F, 0xE0, 0x00, 0x00, 0x3F, 0xC0, 0x00, 0x00, 0x7F, 0x80, 0x00,
  0x00, 0xFF, 0x00, 0x00, 0x01, 0xFE, 0x00, 0x00, 0x03, 0xFC, 0x00, 0x00,
  0x07, 0xF8, 0x00, 0x00, 0x0F, 0xFF, 0xFF, 0xFF, 0xFF, 0xFF, 0xFF, 0xFF,
  0xFF, 0xFF, 0xFF, 0xFF, 0xFF, 0xFF, 0xFF, 0xFF, 0xFF, 0xFF, 0xFF, 0xFF,
  0xFF, 0xFF, 0xFF, 0xFF, 0xFF, 0xFF, 0xFF, 0xF8, 0xFF, 0xC0, 0x00, 0x1F,
  0xFF, 0xFF, 0x00, 0x01, 0xFF, 0xFF, 0xF8, 0x00, 0x0F, 0xFF, 0xFF, 0xC0,
  0x00, 0x7F, 0xFF, 0xFE, 0x00, 0x03, 0xFF, 0xFF, 0xF0, 0x00, 0x1F, 0xFF,
  0xFF, 0xC0, 0x01, 0xFF, 0xFF, 0xFE, 0x00, 0x0F, 0xFF, 0xFF, 0xF0, 0x00,
  0x7F, 0xFF, 0xFF, 0x80, 0x03, 0xFF, 0xFF, 0xFC, 0x00, 0x1F, 0xFF, 0xFF,
  0xF0, 0x01, 0xFF, 0xFF, 0xFF, 0x80, 0x0F, 0xFF, 0xFF, 0xFC, 0x00, 0x7F,
  0xFF, 0xFF, 0xE0, 0x03, 0xFF, 0xFF, 0xFF, 0x00, 0x1F, 0x7F, 0xFE, 0xFC,
  0x01, 0xFB, 0xFF, 0xF7, 0xE0, 0x0F, 0xDF, 0xFF, 0xBF, 0x00, 0x7E, 0xFF,
  0xFD, 0xF8, 0x03, 0xF7, 0xFF, 0xE7, 0xE0, 0x3F, 0x3F, 0xFF, 0x3F, 0x01,
  0xF9, 0xFF, 0xF9, 0xF8, 0x0F, 0xCF, 0xFF, 0xCF, 0xC0, 0x7E, 0x7F, 0xFE,
  0x7E, 0x03, 0xE3, 0xFF, 0xF1, 0xF8, 0x3F, 0x1F, 0xFF, 0x8F, 0xC1, 0xF8,
  0xFF, 0xFC, 0x7E, 0x0F, 0xC7, 0xFF, 0xE3, 0xF0, 0x7E, 0x3F, 0xFF, 0x0F,
  0x83, 0xE1, 0xFF, 0xF8, 0x7E, 0x3F, 0x0F, 0xFF, 0xC3, 0xF1, 0xF8, 0x7F,
  0xFE, 0x1F, 0x8F, 0xC3, 0xFF, 0xF0, 0xFC, 0x7E, 0x1F, 0xFF, 0x83, 0xE3,
  0xE0, 0xFF, 0xFC, 0x1F, 0xBF, 0x07, 0xFF, 0xE0, 0xFD, 0xF8, 0x3F, 0xFF,
  0x07, 0xEF, 0xC1, 0xFF, 0xF8, 0x3F, 0x7C, 0x0F, 0xFF, 0xC0, 0xFF, 0xE0,
  0x7F, 0xFE, 0x07, 0xFF, 0x03, 0xFF, 0xF0, 0x3F, 0xF8, 0x1F, 0xFF, 0x81,
  0xFF, 0x80, 0xFF, 0xFC, 0x07, 0xFC, 0x07, 0xFF, 0xE0, 0x3F, 0xE0, 0x3F,
  0xFF, 0x01, 0xFF, 0x01, 0xFF, 0xF8, 0x0F, 0xF8, 0x0F, 0xFF, 0xC0, 0x7F,
  0x80, 0x7F, 0xFE, 0x01, 0xFC, 0x03, 0xFF, 0xF0, 0x0F, 0xE0, 0x1F, 0xFF,
  0x80, 0x7F, 0x00, 0xFE, 0xFF, 0x80, 0x00, 0x0F, 0xFF, 0xF8, 0x00, 0x01,
  0xFF, 0xFF, 0x00, 0x00, 0x3F, 0xFF, 0xF0, 0x00, 0x07, 0xFF, 0xFE, 0x00,
  0x00, 0xFF, 0xFF, 0xC0, 0x00, 0x1F, 0xFF, 0xFC, 0x00, 0x03, 0xFF, 0xFF,
  0x80, 0x00, 0x7F, 0xFF, 0xF8, 0x00, 0x0F, 0xFF, 0xFF, 0x00, 0x01, 0xFF,
  0xFF, 0xF0, 0x00, 0x3F, 0xFF, 0xFE, 0x00, 0x07, 0xFF, 0xEF, 0xE0, 0x00,
  0xFF, 0xFD, 0xFC, 0x00, 0x1F, 0xFF, 0x9F, 0xC0, 0x03, 0xFF, 0xF3, 0xF8,
  0x00, 0x7F, 0xFE, 0x3F, 0x80, 0x0F, 0xFF, 0xC7, 0xF0, 0x01, 0xFF, 0xF8,
  0x7F, 0x00, 0x3F, 0xFF, 0x0F, 0xE0, 0x07, 0xFF, 0xE0, 0xFE, 0x00, 0xFF,
  0xFC, 0x1F, 0xC0, 0x1F, 0xFF, 0xC1, 0xFC, 0x03, 0xFF, 0xF8, 0x3F, 0x80,
  0x7F, 0xFF, 0x03, 0xF0, 0x0F, 0xFF, 0xE0, 0x7F, 0x01, 0xFF, 0xFC, 0x07,
  0xE0, 0x3F, 0xFF, 0x80, 0xFE, 0x07, 0xFF, 0xF0, 0x0F, 0xC0, 0xFF, 0xFE,
  0x01, 0xFC, 0x1F, 0xFF, 0xC0, 0x1F, 0x83, 0xFF, 0xF8, 0x03, 0xF8, 0x7F,
  0xFF, 0x00, 0x3F, 0x0F, 0xFF, 0xE0, 0x07, 0xF1, 0xFF, 0xFC, 0x00, 0x7E,
  0x3F, 0xFF, 0x80, 0x0F, 0xE7, 0xFF, 0xF0, 0x00, 0xFC, 0xFF, 0xFE, 0x00,
  0x1F, 0xDF, 0xFF, 0xC0, 0x03, 0xFB, 0xFF, 0xF8, 0x00, 0x3F, 0xFF, 0xFF,
  0x00, 0x07, 0xFF, 0xFF, 0xE0, 0x00, 0x7F, 0xFF, 0xFC, 0x00, 0x0F, 0xFF,
  0xFF, 0x80, 0x00, 0xFF, 0xFF, 0xF0, 0x00, 0x1F, 0xFF, 0xFE, 0x00, 0x01,
  0xFF, 0xFF, 0xC0, 0x00, 0x3F, 0xFF, 0xF8, 0x00, 0x03, 0xFF, 0xFF, 0x00,
  0x00, 0x7F, 0xFF, 0xE0, 0x00, 0x07, 0xFF, 0xFC, 0x00, 0x00, 0xFF, 0x80,
  0x00, 0x03, 0xFF, 0x80, 0x00, 0x00, 0x3F, 0xFF, 0xE0, 0x00, 0x01, 0xFF,
  0xFF, 0xF0, 0x00, 0x07, 0xFF, 0xFF, 0xF0, 0x00, 0x1F, 0xFF, 0xFF, 0xF0,
  0x00, 0x7F, 0xFF, 0xFF, 0xF0, 0x01, 0xFF, 0xFF, 0xFF, 0xF0, 0x07, 0xFF,
  0x80, 0xFF, 0xF0, 0x0F, 0xFC, 0x00, 0x7F, 0xE0, 0x3F, 0xF0, 0x00, 0x7F,
  0xE0, 0x7F, 0xC0, 0x00, 0x7F, 0xC1, 0xFF, 0x00, 0x00, 0x7F, 0xC3, 0xFE,
  0x00, 0x00, 0xFF, 0x87, 0xF8, 0x00, 0x00, 0xFF, 0x1F, 0xF0, 0x00, 0x01,
  0xFF, 0x3F, 0xE0, 0x00, 0x01, 0xFE, 0x7F, 0xC0, 0x00, 0x03, 0xFC, 0xFF,
  0x00, 0x00, 0x07, 0xF9, 0xFE, 0x00, 0x00, 0x0F, 0xF3, 0xFC, 0x00, 0x00,
  0x1F, 0xFF, 0xF8, 0x00, 0x00, 0x3F, 0xFF, 0xF0, 0x00, 0x00, 0x7F, 0xFF,
  0xE0, 0x00, 0x00, 0x7F, 0xFF, 0xC0, 0x00, 0x00, 0xFF, 0xFF, 0x80, 0x00,
  0x01, 0xFF, 0xFF, 0x00, 0x00, 0x03, 0xFF, 0xFE, 0x00, 0x00, 0x07, 0xFF,
  0xFC, 0x00, 0x00, 0x0F, 0xFF, 0xF8, 0x00, 0x00, 0x1F, 0xFF, 0xF0, 0x00,
  0x00, 0x3F, 0xFF, 0xE0, 0x00, 0x00, 0x7F, 0xFF, 0xC0, 0x00, 0x01, 0xFF,
  0x7F, 0x80, 0x00, 0x03, 0xFE, 0xFF, 0x00, 0x00, 0x07, 0xFD, 0xFE, 0x00,
  0x00, 0x0F, 0xF3, 0xFC, 0x00, 0x00, 0x1F, 0xE7, 0xFC, 0x00, 0x00, 0x3F,
  0xCF, 0xF8, 0x00, 0x00, 0xFF, 0x8F, 0xF0, 0x00, 0x01, 0xFE, 0x1F, 0xF0,
  0x00, 0x03, 0xFC, 0x3F, 0xE0, 0x00, 0x0F, 0xF8, 0x3F, 0xE0, 0x00, 0x1F,
  0xE0, 0x7F, 0xE0, 0x00, 0x7F, 0xC0, 0x7F, 0xE0, 0x01, 0xFF, 0x00, 0xFF,
  0xE0, 0x0F, 0xFE, 0x00, 0xFF, 0xFC, 0xFF, 0xF8, 0x01, 0xFF, 0xFF, 0xFF,
  0xE0, 0x01, 0xFF, 0xFF, 0xFF, 0xC0, 0x01, 0xFF, 0xFF, 0xFF, 0x00, 0x00,
  0xFF, 0xFF, 0xF8, 0x00, 0x00, 0xFF, 0xFF, 0xE0, 0x00, 0x00, 0x7F, 0xFF,
  0x00, 0x00, 0x00, 0x0F, 0xE0, 0x00, 0x00, 0xFF, 0xFF, 0xFE, 0x00, 0x3F,
  0xFF, 0xFF, 0xF0, 0x0F, 0xFF, 0xFF, 0xFF, 0x03, 0xFF, 0xFF, 0xFF, 0xE0,
  0xFF, 0xFF, 0xFF, 0xFE, 0x3F, 0xFF, 0xFF, 0xFF, 0x8F, 0xFF, 0xFF, 0xFF,
  0xF3, 0xFC, 0x00, 0x1F, 0xFE, 0xFF, 0x00, 0x01, 0xFF, 0xBF, 0xC0, 0x00,
  0x3F, 0xEF, 0xF0, 0x00, 0x07, 0xFF, 0xFC, 0x00, 0x01, 0xFF, 0xFF, 0x00,
  0x00, 0x3F, 0xFF, 0xC0, 0x00, 0x0F, 0xFF, 0xF0, 0x00, 0x03, 0xFF, 0xFC,
  0x00, 0x00, 0xFF, 0xFF, 0x00, 0x00, 0x3F, 0xFF, 0xC0, 0x00, 0x0F, 0xFF,
  0xF0, 0x00, 0x03, 0xFF, 0xFC, 0x00, 0x01, 0xFF, 0xFF, 0x00, 0x00, 0x7F,
  0xBF, 0xC0, 0x00, 0x3F, 0xEF, 0xF0, 0x00, 0x1F, 0xFB, 0xFC, 0x00, 0x1F,
  0xFC, 0xFF, 0x00, 0x3F, 0xFF, 0x3F, 0xFF, 0xFF, 0xFF, 0x8F, 0xFF, 0xFF,
  0xFF, 0xC3, 0xFF, 0xFF, 0xFF, 0xE0, 0xFF, 0xFF, 0xFF, 0xE0, 0x3F, 0xFF,
  0xFF, 0xF0, 0x0F, 0xFF, 0xFF, 0xE0, 0x03, 0xFF, 0xFF, 0x00, 0x00, 0xFF,
  0x00, 0x00, 0x00, 0x3F, 0xC0, 0x00, 0x00, 0x0F, 0xF0, 0x00, 0x00, 0x03,
  0xFC, 0x00, 0x00, 0x00, 0xFF, 0x00, 0x00, 0x00, 0x3F, 0xC0, 0x00, 0x00,
  0x0F, 0xF0, 0x00, 0x00, 0x03, 0xFC, 0x00, 0x00, 0x00, 0xFF, 0x00, 0x00,
  0x00, 0x3F, 0xC0, 0x00, 0x00, 0x0F, 0xF0, 0x00, 0x00, 0x03, 0xFC, 0x00,
  0x00, 0x00, 0xFF, 0x00, 0x00, 0x00, 0x3F, 0xC0, 0x00, 0x00, 0x0F, 0xF0,
  0x00, 0x00, 0x03, 0xFC, 0x00, 0x00, 0x00, 0xFF, 0x00, 0x00, 0x00, 0x3F,
  0xC0, 0x00, 0x00, 0x0F, 0xF0, 0x00, 0x00, 0x00, 0x00, 0x03, 0xFF, 0x80,
  0x00, 0x00, 0x3F, 0xFF, 0xE0, 0x00, 0x01, 0xFF, 0xFF, 0xF0, 0x00, 0x07,
  0xFF, 0xFF, 0xF0, 0x00, 0x1F, 0xFF, 0xFF, 0xF0, 0x00, 0x7F, 0xFF, 0xFF,
  0xF0, 0x01, 0xFF, 0xFF, 0xFF, 0xF0, 0x07, 0xFF, 0x80, 0xFF, 0xF0, 0x0F,
  0xFC, 0x00, 0x7F, 0xE0, 0x3F, 0xF0, 0x00, 0x7F, 0xE0, 0x7F, 0xC0, 0x00,
  0x7F, 0xC1, 0xFF, 0x00, 0x00, 0x7F, 0xC3, 0xFE, 0x00, 0x00, 0xFF, 0x87,
  0xF8, 0x00, 0x00, 0xFF, 0x1F, 0xF0, 0x00, 0x01, 0xFF, 0x3F, 0xE0, 0x00,
  0x01, 0xFE, 0x7F, 0xC0, 0x00, 0x03, 0xFC, 0xFF, 0x00, 0x00, 0x07, 0xF9,
  0xFE, 0x00, 0x00, 0x0F, 0xF3, 0xFC, 0x00, 0x00, 0x1F, 0xFF, 0xF8, 0x00,
  0x00, 0x3F, 0xFF, 0xF0, 0x00, 0x00, 0x7F, 0xFF, 0xE0, 0x00, 0x00, 0x7F,
  0xFF, 0xC0, 0x00, 0x00, 0xFF, 0xFF, 0x80, 0x00, 0x01, 0xFF, 0xFF, 0x00,
  0x00, 0x03, 0xFF, 0xFE, 0x00, 0x00, 0x07, 0xFF, 0xFC, 0x00, 0x00, 0x0F,
  0xFF, 0xF8, 0x00, 0x00, 0x1F, 0xFF, 0xF0, 0x00, 0x00, 0x3F, 0xFF, 0xE0,
  0x00, 0x00, 0x7F, 0xFF, 0xC0, 0x00, 0x01, 0xFF, 0x7F, 0x80, 0x00, 0x03,
  0xFE, 0xFF, 0x00, 0x00, 0x07, 0xFD, 0xFE, 0x00, 0x00, 0x0F, 0xF3, 0xFC,
  0x00, 0x00, 0x1F, 0xE7, 0xFC, 0x00, 0x00, 0x3F, 0xCF, 0xF8, 0x00, 0x00,
  0xFF, 0x8F, 0xF0, 0x00, 0x01, 0xFF, 0x1F, 0xF0, 0x00, 0x03, 0xFC, 0x3F,
  0xE0, 0x00, 0x0F, 0xF8, 0x3F, 0xE0, 0x00, 0x1F, 0xE0, 0x7F, 0xE0, 0x00,
  0x7F, 0xC0, 0x7F, 0xE0, 0x01, 0xFF, 0x80, 0xFF, 0xE0, 0x0F, 0xFE, 0x00,
  0xFF, 0xFC, 0xFF, 0xF8, 0x01, 0xFF, 0xFF, 0xFF, 0xF0, 0x01, 0xFF, 0xFF,
  0xFF, 0xC0, 0x01, 0xFF, 0xFF, 0xFF, 0x00, 0x00, 0xFF, 0xFF, 0xFC, 0x00,
  0x00, 0xFF, 0xFF, 0xE0, 0x00, 0x00, 0x7F, 0xFF, 0xE0, 0x00, 0x00, 0x0F,
  0xFF, 0xC0, 0x00, 0x00, 0x00, 0x7F, 0xC0, 0x00, 0x00, 0x00, 0x7F, 0xC0,
  0x00, 0x00, 0x00, 0xFF, 0xC0, 0x00, 0x00, 0x00, 0xFF, 0xC0, 0x00, 0x00,
  0x00, 0xFF, 0xC0, 0x00, 0x00, 0x01, 0xFF, 0xC0, 0x00, 0x00, 0x01, 0xFF,
  0xC0, 0x00, 0x00, 0x01, 0xFF, 0xE0, 0x00, 0x00, 0x01, 0xFF, 0x80, 0x00,
  0x00, 0x01, 0xFE, 0x00, 0x00, 0x00, 0x01, 0xF8, 0x00, 0x00, 0x00, 0x01,
  0xF0, 0x00, 0x00, 0x00, 0x01, 0xC0, 0x00, 0x00, 0x00, 0x00, 0x00, 0xFF,
  0xFF, 0xF8, 0x00, 0x0F, 0xFF, 0xFF, 0xF0, 0x00, 0xFF, 0xFF, 0xFF, 0xC0,
  0x0F, 0xFF, 0xFF, 0xFE, 0x00, 0xFF, 0xFF, 0xFF, 0xF8, 0x0F, 0xFF, 0xFF,
  0xFF, 0x80, 0xFF, 0xFF, 0xFF, 0xFC, 0x0F, 0xF0, 0x01, 0xFF, 0xE0, 0xFF,
  0x00, 0x07, 0xFE, 0x0F, 0xF0, 0x00, 0x3F, 0xE0, 0xFF, 0x00, 0x01, 0xFF,
  0x0F, 0xF0, 0x00, 0x1F, 0xF0, 0xFF, 0x00, 0x00, 0xFF, 0x0F, 0xF0, 0x00,
  0x0F, 0xF0, 0xFF, 0x00, 0x00, 0xFF, 0x0F, 0xF0, 0x00, 0x0F, 0xF0, 0xFF,
  0x00, 0x00, 0xFF, 0x0F, 0xF0, 0x00, 0x0F, 0xF0, 0xFF, 0x00, 0x01, 0xFF,
  0x0F, 0xF0, 0x00, 0x1F, 0xE0, 0xFF, 0x00, 0x03, 0xFE, 0x0F, 0xF0, 0x00,
  0x7F, 0xC0, 0xFF, 0x00, 0x1F, 0xFC, 0x0F, 0xFF, 0xFF, 0xFF, 0x80, 0xFF,
  0xFF, 0xFF, 0xF0, 0x0F, 0xFF, 0xFF, 0xFE, 0x00, 0xFF, 0xFF, 0xFF, 0xC0,
  0x0F, 0xFF, 0xFF, 0xF0, 0x00, 0xFF, 0xFF, 0xFC, 0x00, 0x0F, 0xFF, 0xFF,
  0xE0, 0x00, 0xFF, 0x01, 0xFF, 0x00, 0x0F, 0xF0, 0x1F, 0xF0, 0x00, 0xFF,
  0x00, 0xFF, 0x80, 0x0F, 0xF0, 0x07, 0xFC, 0x00, 0xFF, 0x00, 0x7F, 0xC0,
  0x0F, 0xF0, 0x03, 0xFE, 0x00, 0xFF, 0x00, 0x3F, 0xF0, 0x0F, 0xF0, 0x01,
  0xFF, 0x00, 0xFF, 0x00, 0x0F, 0xF8, 0x0F, 0xF0, 0x00, 0xFF, 0x80, 0xFF,
  0x00, 0x07, 0xFC, 0x0F, 0xF0, 0x00, 0x7F, 0xE0, 0xFF, 0x00, 0x03, 0xFE,
  0x0F, 0xF0, 0x00, 0x1F, 0xF0, 0xFF, 0x00, 0x01, 0xFF, 0x0F, 0xF0, 0x00,
  0x0F, 0xF8, 0xFF, 0x00, 0x00, 0xFF, 0xCF, 0xF0, 0x00, 0x07, 0xFC, 0xFF,
  0x00, 0x00, 0x3F, 0xEF, 0xF0, 0x00, 0x03, 0xFF, 0xFF, 0x00, 0x00, 0x1F,
  0xF0, 0x00, 0x0F, 0xFF, 0xC0, 0x00, 0x0F, 0xFF, 0xFF, 0x80, 0x07, 0xFF,
  0xFF, 0xFE, 0x01, 0xFF, 0xFF, 0xFF, 0xE0, 0xFF, 0xFF, 0xFF, 0xFC, 0x3F,
  0xFF, 0xFF, 0xFF, 0x07, 0xFF, 0xFF, 0xFF, 0xE1, 0xFF, 0xE0, 0x0F, 0xF8,
  0x3F, 0xE0, 0x00, 0x1F, 0x0F, 0xF8, 0x00, 0x00, 0x61, 0xFE, 0x00, 0x00,
  0x00, 0x3F, 0xC0, 0x00, 0x00, 0x07, 0xF8, 0x00, 0x00, 0x00, 0xFF, 0x00,
  0x00, 0x00, 0x1F, 0xE0, 0x00, 0x00, 0x03, 0xFC, 0x00, 0x00, 0x00, 0x7F,
  0x80, 0x00, 0x00, 0x0F, 0xF8, 0x00, 0x00, 0x00, 0xFF, 0x80, 0x00, 0x00,
  0x1F, 0xF8, 0x00, 0x00, 0x01, 0xFF, 0xC0, 0x00, 0x00, 0x3F, 0xFE, 0x00,
  0x00, 0x03, 0xFF, 0xF8, 0x00, 0x00, 0x3F, 0xFF, 0xE0, 0x00, 0x03, 0xFF,
  0xFF, 0x00, 0x00, 0x1F, 0xFF, 0xF8, 0x00, 0x00, 0xFF, 0xFF, 0xC0, 0x00,
  0x07, 0xFF, 0xFE, 0x00, 0x00, 0x3F, 0xFF, 0xE0, 0x00, 0x00, 0xFF, 0xFE,
  0x00, 0x00, 0x03, 0xFF, 0xE0, 0x00, 0x00, 0x1F, 0xFC, 0x00, 0x00, 0x00,
  0xFF, 0xC0, 0x00, 0x00, 0x0F, 0xF8, 0x00, 0x00, 0x00, 0xFF, 0x80, 0x00,
  0x00, 0x0F, 0xF0, 0x00, 0x00, 0x01, 0xFE, 0x00, 0x00, 0x00, 0x3F, 0xC0,
  0x00, 0x00, 0x07, 0xF8, 0x00, 0x00, 0x00, 0xFF, 0x00, 0x00, 0x00, 0x1F,
  0xE0, 0x00, 0x00, 0x07, 0xFE, 0x00, 0x00, 0x00, 0xFF, 0x70, 0x00, 0x00,
  0x3F, 0xEF, 0xE0, 0x00, 0x1F, 0xFD, 0xFF, 0xF0, 0x7F, 0xFF, 0x3F, 0xFF,
  0xFF, 0xFF, 0xC7, 0xFF, 0xFF, 0xFF, 0xF0, 0xFF, 0xFF, 0xFF, 0xFC, 0x1F,
  0xFF, 0xFF, 0xFF, 0x01, 0xFF, 0xFF, 0xFF, 0x80, 0x07, 0xFF, 0xFF, 0x80,
  0x00, 0x03, 0xFE, 0x00, 0x00, 0xFF, 0xFF, 0xFF, 0xFF, 0xFF, 0xFF, 0xFF,
  0xFF, 0xFF, 0xFF, 0xFF, 0xFF, 0xFF, 0xFF, 0xFF, 0xFF, 0xFF, 0xFF, 0xFF,
  0xFF, 0xFF, 0xFF, 0xFF, 0xFF, 0xFF, 0xFF, 0xFF, 0xFF, 0xFF, 0xFF, 0xFF,
  0xFF, 0xE0, 0x00, 0x3F, 0xC0, 0x00, 0x00, 0x01, 0xFE, 0x00, 0x00, 0x00,
  0x0F, 0xF0, 0x00, 0x00, 0x00, 0x7F, 0x80, 0x00, 0x00, 0x03, 0xFC, 0x00,
  0x00, 0x00, 0x1F, 0xE0, 0x00, 0x00, 0x00, 0xFF, 0x00, 0x00, 0x00, 0x07,
  0xF8, 0x00, 0x00, 0x00, 0x3F, 0xC0, 0x00, 0x00, 0x01, 0xFE, 0x00, 0x00,
  0x00, 0x0F, 0xF0, 0x00, 0x00, 0x00, 0x7F, 0x80, 0x00, 0x00, 0x03, 0xFC,
  0x00, 0x00, 0x00, 0x1F, 0xE0, 0x00, 0x00, 0x00, 0xFF, 0x00, 0x00, 0x00,
  0x07, 0xF8, 0x00, 0x00, 0x00, 0x3F, 0xC0, 0x00, 0x00, 0x01, 0xFE, 0x00,
  0x00, 0x00, 0x0F, 0xF0, 0x00, 0x00, 0x00, 0x7F, 0x80, 0x00, 0x00, 0x03,
  0xFC, 0x00, 0x00, 0x00, 0x1F, 0xE0, 0x00, 0x00, 0x00, 0xFF, 0x00, 0x00,
  0x00, 0x07, 0xF8, 0x00, 0x00, 0x00, 0x3F, 0xC0, 0x00, 0x00, 0x01, 0xFE,
  0x00, 0x00, 0x00, 0x0F, 0xF0, 0x00, 0x00, 0x00, 0x7F, 0x80, 0x00, 0x00,
  0x03, 0xFC, 0x00, 0x00, 0x00, 0x1F, 0xE0, 0x00, 0x00, 0x00, 0xFF, 0x00,
  0x00, 0x00, 0x07, 0xF8, 0x00, 0x00, 0x00, 0x3F, 0xC0, 0x00, 0x00, 0x01,
  0xFE, 0x00, 0x00, 0x00, 0x0F, 0xF0, 0x00, 0x00, 0x00, 0x7F, 0x80, 0x00,
  0x00, 0x03, 0xFC, 0x00, 0x00, 0x00, 0x1F, 0xE0, 0x00, 0x00, 0x00, 0xFF,
  0x00, 0x00, 0x00, 0x07, 0xF8, 0x00, 0x00, 0x00, 0x3F, 0xC0, 0x00, 0x00,
  0x01, 0xFE, 0x00, 0x00, 0x00, 0x0F, 0xF0, 0x00, 0x00, 0x00, 0x7F, 0x80,
  0x00, 0xFF, 0x00, 0x00, 0x0F, 0xFF, 0xF0, 0x00, 0x00, 0xFF, 0xFF, 0x00,
  0x00, 0x0F, 0xFF, 0xF0, 0x00, 0x00, 0xFF, 0xFF, 0x00, 0x00, 0x0F, 0xFF,
  0xF0, 0x00, 0x00, 0xFF, 0xFF, 0x00, 0x00, 0x0F, 0xFF, 0xF0, 0x00, 0x00,
  0xFF, 0xFF, 0x00, 0x00, 0x0F, 0xFF, 0xF0, 0x00, 0x00, 0xFF, 0xFF, 0x00,
  0x00, 0x0F, 0xFF, 0xF0, 0x00, 0x00, 0xFF, 0xFF, 0x00, 0x00, 0x0F, 0xFF,
  0xF0, 0x00, 0x00, 0xFF, 0xFF, 0x00, 0x00, 0x0F, 0xFF, 0xF0, 0x00, 0x00,
  0xFF, 0xFF, 0x00, 0x00, 0x0F, 0xFF, 0xF0, 0x00, 0x00, 0xFF, 0xFF, 0x00,
  0x00, 0x0F, 0xFF, 0xF0, 0x00, 0x00, 0xFF, 0xFF, 0x00, 0x00, 0x0F, 0xFF,
  0xF0, 0x00, 0x00, 0xFF, 0xFF, 0x00, 0x00, 0x0F, 0xFF, 0xF0, 0x00, 0x00,
  0xFF, 0xFF, 0x00, 0x00, 0x0F, 0xFF, 0xF0, 0x00, 0x00, 0xFF, 0xFF, 0x00,
  0x00, 0x0F, 0xFF, 0xF0, 0x00, 0x00, 0xFF, 0xFF, 0x00, 0x00, 0x0F, 0xFF,
  0xF0, 0x00, 0x00, 0xFF, 0xFF, 0x00, 0x00, 0x0F, 0xFF, 0xF0, 0x00, 0x00,
  0xFF, 0xFF, 0x00, 0x00, 0x0F, 0xFF, 0xF0, 0x00, 0x00, 0xFE, 0xFF, 0x00,
  0x00, 0x1F, 0xEF, 0xF0, 0x00, 0x01, 0xFE, 0xFF, 0x00, 0x00, 0x1F, 0xEF,
  0xF0, 0x00, 0x01, 0xFE, 0xFF, 0x80, 0x00, 0x1F, 0xEF, 0xF8, 0x00, 0x03,
  0xFE, 0x7F, 0x80, 0x00, 0x3F, 0xC7, 0xFC, 0x00, 0x07, 0xFC, 0x7F, 0xE0,
  0x00, 0xFF, 0xC3, 0xFF, 0x80, 0x1F, 0xF8, 0x3F, 0xFF, 0x1F, 0xFF, 0x81,
  0xFF, 0xFF, 0xFF, 0xF0, 0x0F, 0xFF, 0xFF, 0xFE, 0x00, 0x7F, 0xFF, 0xFF,
  0xC0, 0x03, 0xFF, 0xFF, 0xF8, 0x00, 0x1F, 0xFF, 0xFE, 0x00, 0x00, 0x3F,
  0xFF, 0x80, 0x00, 0x00, 0x3F, 0x80, 0x00, 0xFF, 0x80, 0x00, 0x00, 0x3F,
  0xEF, 0xF0, 0x00, 0x00, 0x07, 0xF9, 0xFE, 0x00, 0x00, 0x00, 0xFF, 0x3F,
  0xE0, 0x00, 0x00, 0x3F, 0xE3, 0xFC, 0x00, 0x00, 0x07, 0xF8, 0x7F, 0x80,
  0x00, 0x00, 0xFF, 0x0F, 0xF8, 0x00, 0x00, 0x3F, 0xE0, 0xFF, 0x00, 0x00,
  0x07, 0xF8, 0x1F, 0xE0, 0x00, 0x00, 0xFF, 0x01, 0xFE, 0x00, 0x00, 0x3F,
  0xE0, 0x3F, 0xC0, 0x00, 0x07, 0xF8, 0x07, 0xF8, 0x00, 0x00, 0xFF, 0x00,
  0x7F, 0x80, 0x00, 0x1F, 0xE0, 0x0F, 0xF0, 0x00, 0x07, 0xF8, 0x01, 0xFE,
  0x00, 0x00, 0xFF, 0x00, 0x1F, 0xE0, 0x00, 0x1F, 0xE0, 0x03, 0xFC, 0x00,
  0x07, 0xF8, 0x00, 0x7F, 0x80, 0x00, 0xFF, 0x00, 0x07, 0xF0, 0x00, 0x1F,
  0xE0, 0x00, 0xFF, 0x00, 0x07, 0xF8, 0x00, 0x1F, 0xE0, 0x00, 0xFF, 0x00,
  0x01, 0xFC, 0x00, 0x1F, 0xC0, 0x00, 0x3F, 0xC0, 0x07, 0xF8, 0x00, 0x07,
  0xF8, 0x00, 0xFF, 0x00, 0x00, 0x7F, 0x00, 0x1F, 0xC0, 0x00, 0x0F, 0xF0,
  0x07, 0xF8, 0x00, 0x01, 0xFE, 0x00, 0xFF, 0x00, 0x00, 0x1F, 0xC0, 0x1F,
  0xC0, 0x00, 0x03, 0xFC, 0x07, 0xF8, 0x00, 0x00, 0x7F, 0x80, 0xFF, 0x00,
  0x00, 0x07, 0xF0, 0x1F, 0xC0, 0x00, 0x00, 0xFF, 0x07, 0xF8, 0x00, 0x00,
  0x1F, 0xE0, 0xFF, 0x00, 0x00, 0x01, 0xFC, 0x1F, 0xC0, 0x00, 0x00, 0x3F,
  0xC7, 0xF8, 0x00, 0x00, 0x07, 0xF8, 0xFF, 0x00, 0x00, 0x00, 0x7F, 0x1F,
  0xC0, 0x00, 0x00, 0x0F, 0xE3, 0xF8, 0x00, 0x00, 0x01, 0xFE, 0xFF, 0x00,
  0x00, 0x00, 0x1F, 0xDF, 0xC0, 0x00, 0x00, 0x03, 0xFB, 0xF8, 0x00, 0x00,
  0x00, 0x7F, 0xFF, 0x00, 0x00, 0x00, 0x07, 0xFF, 0xC0, 0x00, 0x00, 0x00,
  0xFF, 0xF8, 0x00, 0x00, 0x00, 0x0F, 0xFF, 0x00, 0x00, 0x00, 0x01, 0xFF,
  0xC0, 0x00, 0x00, 0x00, 0x3F, 0xF8, 0x00, 0x00, 0x00, 0x03, 0xFF, 0x00,
  0x00, 0x00, 0x00, 0x7F, 0xC0, 0x00, 0x00, 0x00, 0x0F, 0xF8, 0x00, 0x00,
  0x00, 0x00, 0xFF, 0x00, 0x00, 0x00, 0xFF, 0x00, 0x00, 0x00, 0x07, 0xFB,
  0xF8, 0x00, 0x00, 0x00, 0x3F, 0xDF, 0xC0, 0x00, 0x00, 0x01, 0xFE, 0xFE,
  0x00, 0x00, 0x00, 0x0F, 0xE7, 0xF0, 0x00, 0x00, 0x00, 0x7F, 0x3F, 0x80,
  0x00, 0x00, 0x03, 0xF9, 0xFE, 0x00, 0x00, 0x00, 0x1F, 0xCF, 0xF0, 0x00,
  0x00, 0x00, 0xFE, 0x7F, 0x80, 0x00, 0x00, 0x07, 0xF1, 0xFC, 0x00, 0x00,
  0x00, 0x7F, 0x8F, 0xE0, 0x00, 0x00, 0x03, 0xFC, 0x7F, 0x00, 0x00, 0x00,
  0x1F, 0xC3, 0xF8, 0x00, 0x00, 0x00, 0xFE, 0x1F, 0xC0, 0x00, 0x00, 0x07,
  0xF0, 0xFF, 0x00, 0x00, 0x00, 0x3F, 0x83, 0xF8, 0x00, 0x00, 0x01, 0xFC,
  0x1F, 0xC0, 0x1F, 0xE0, 0x0F, 0xE0, 0xFE, 0x00, 0xFF, 0x00, 0x7F, 0x07,
  0xF0, 0x0F, 0xF8, 0x03, 0xF0, 0x3F, 0x80, 0x7F, 0xC0, 0x3F, 0x81, 0xFC,
  0x03, 0xFF, 0x01, 0xFC, 0x0F, 0xF0, 0x3F, 0xF8, 0x0F, 0xE0, 0x7F, 0x81,
  0xFF, 0xC0, 0x7F, 0x01, 0xFC, 0x0F, 0xFE, 0x03, 0xF8, 0x0F, 0xE0, 0x7D,
  0xF8, 0x1F, 0xC0, 0x7F, 0x07, 0xEF, 0xC0, 0xFE, 0x03, 0xF8, 0x3F, 0x7E,
  0x07, 0xE0, 0x1F, 0xC1, 0xF9, 0xF8, 0x3F, 0x00, 0xFE, 0x0F, 0x8F, 0xC3,
  0xF8, 0x07, 0xF8, 0xFC, 0x7E, 0x1F, 0xC0, 0x1F, 0xC7, 0xE3, 0xF0, 0xFE,
  0x00, 0xFE, 0x3F, 0x0F, 0xC7, 0xF0, 0x07, 0xF3, 0xF0, 0x7E, 0x3F, 0x80,
  0x3F, 0x9F, 0x83, 0xF1, 0xF8, 0x01, 0xFC, 0xFC, 0x0F, 0xCF, 0xC0, 0x0F,
  0xE7, 0xE0, 0x7E, 0x7E, 0x00, 0x3F, 0x7E, 0x03, 0xF3, 0xF0, 0x01, 0xFB,
  0xF0, 0x0F, 0xBF, 0x80, 0x0F, 0xDF, 0x80, 0x7F, 0xFC, 0x00, 0x7E, 0xF8,
  0x03, 0xFF, 0xE0, 0x03, 0xFF, 0xC0, 0x1F, 0xFF, 0x00, 0x1F, 0xFE, 0x00,
  0x7F, 0xF0, 0x00, 0xFF, 0xF0, 0x03, 0xFF, 0x80, 0x03, 0xFF, 0x00, 0x1F,
  0xFC, 0x00, 0x1F, 0xF8, 0x00, 0x7F, 0xE0, 0x00, 0xFF, 0xC0, 0x03, 0xFF,
  0x00, 0x07, 0xFE, 0x00, 0x1F, 0xF8, 0x00, 0x3F, 0xE0, 0x00, 0xFF, 0xC0,
  0x01, 0xFF, 0x00, 0x03, 0xFE, 0x00, 0x0F, 0xF8, 0x00, 0x1F, 0xE0, 0x00,
  0x3F, 0xC0, 0x00, 0xFF, 0x00, 0x7F, 0xC0, 0x00, 0x01, 0xFF, 0x0F, 0xF0,
  0x00, 0x00, 0x7F, 0x83, 0xFE, 0x00, 0x00, 0x3F, 0xE0, 0x7F, 0xC0, 0x00,
  0x0F, 0xF0, 0x0F, 0xF0, 0x00, 0x07, 0xF8, 0x03, 0xFE, 0x00, 0x01, 0xFE,
  0x00, 0x7F, 0x80, 0x00, 0xFF, 0x00, 0x1F, 0xF0, 0x00, 0x7F, 0x80, 0x03,
  0xFC, 0x00, 0x1F, 0xE0, 0x00, 0x7F, 0x80, 0x0F, 0xF0, 0x00, 0x1F, 0xF0,
  0x03, 0xFC, 0x00, 0x03, 0xFC, 0x01, 0xFE, 0x00, 0x00, 0x7F, 0x80, 0xFF,
  0x00, 0x00, 0x1F, 0xE0, 0x3F, 0xC0, 0x00, 0x03, 0xFC, 0x1F, 0xE0, 0x00,
  0x00, 0xFF, 0x87, 0xF0, 0x00, 0x00, 0x1F, 0xE3, 0xFC, 0x00, 0x00, 0x03,
  0xFD, 0xFE, 0x00, 0x00, 0x00, 0xFF, 0xFF, 0x80, 0x00, 0x00, 0x1F, 0xFF,
  0xC0, 0x00, 0x00, 0x03, 0xFF, 0xE0, 0x00, 0x00, 0x00, 0xFF, 0xF8, 0x00,
  0x00, 0x00, 0x1F, 0xFC, 0x00, 0x00, 0x00, 0x03, 0xFE, 0x00, 0x00, 0x00,
  0x00, 0xFF, 0x80, 0x00, 0x00, 0x00, 0x7F, 0xF0, 0x00, 0x00, 0x00, 0x1F,
  0xFE, 0x00, 0x00, 0x00, 0x0F, 0xFF, 0x80, 0x00, 0x00, 0x07, 0xFF, 0xF0,
  0x00, 0x00, 0x01, 0xFF, 0xFC, 0x00, 0x00, 0x00, 0xFF, 0x7F, 0x80, 0x00,
  0x00, 0x7F, 0x8F, 0xF0, 0x00, 0x00, 0x1F, 0xC3, 0xFC, 0x00, 0x00, 0x0F,
  0xF0, 0x7F, 0x80, 0x00, 0x03, 0xF8, 0x1F, 0xF0, 0x00, 0x01, 0xFE, 0x03,
  0xFC, 0x00, 0x00, 0xFF, 0x00, 0xFF, 0x80, 0x00, 0x3F, 0x80, 0x1F, 0xE0,
  0x00, 0x1F, 0xE0, 0x03, 0xFC, 0x00, 0x07, 0xF0, 0x00, 0xFF, 0x80, 0x03,
  0xFC, 0x00, 0x1F, 0xE0, 0x01, 0xFE, 0x00, 0x07, 0xFC, 0x00, 0x7F, 0x80,
  0x00, 0xFF, 0x00, 0x3F, 0xC0, 0x00, 0x3F, 0xE0, 0x0F, 0xE0, 0x00, 0x07,
  0xFC, 0x07, 0xF8, 0x00, 0x01, 0xFF, 0x03, 0xFC, 0x00, 0x00, 0x3F, 0xE0,
  0xFF, 0x00, 0x00, 0x07, 0xF8, 0x7F, 0x80, 0x00, 0x01, 0xFF, 0x1F, 0xE0,
  0x00, 0x00, 0x3F, 0xEF, 0xF0, 0x00, 0x00, 0x0F, 0xF8, 0xFF, 0x80, 0x00,
  0x00, 0x3F, 0xEF, 0xF8, 0x00, 0x00, 0x07, 0xF8, 0xFF, 0x00, 0x00, 0x01,
  0xFF, 0x1F, 0xF0, 0x00, 0x00, 0x3F, 0xC1, 0xFE, 0x00, 0x00, 0x0F, 0xF0,
  0x3F, 0xE0, 0x00, 0x01, 0xFE, 0x03, 0xFC, 0x00, 0x00, 0x7F, 0x80, 0x7F,
  0xC0, 0x00, 0x0F, 0xF0, 0x07, 0xF8, 0x00, 0x03, 0xFC, 0x00, 0xFF, 0x80,
  0x00, 0x7F, 0x80, 0x0F, 0xF0, 0x00, 0x1F, 0xE0, 0x01, 0xFF, 0x00, 0x03,
  0xFC, 0x00, 0x1F, 0xE0, 0x00, 0xFF, 0x00, 0x01, 0xFE, 0x00, 0x3F, 0xC0,
  0x00, 0x3F, 0xC0, 0x07, 0xF8, 0x00, 0x03, 0xFC, 0x01, 0xFE, 0x00, 0x00,
  0x7F, 0x80, 0x3F, 0xC0, 0x00, 0x07, 0xF8, 0x0F, 0xF0, 0x00, 0x00, 0xFF,
  0x01, 0xFE, 0x00, 0x00, 0x0F, 0xF0, 0x7F, 0x80, 0x00, 0x01, 0xFE, 0x0F,
  0xE0, 0x00, 0x00, 0x1F, 0xE3, 0xFC, 0x00, 0x00, 0x01, 0xFC, 0x7F, 0x00,
  0x00, 0x00, 0x3F, 0xDF, 0xE0, 0x00, 0x00, 0x03, 0xFB, 0xF8, 0x00, 0x00,
  0x00, 0x7F, 0xFF, 0x00, 0x00, 0x00, 0x07, 0xFF, 0xC0, 0x00, 0x00, 0x00,
  0xFF, 0xF8, 0x00, 0x00, 0x00, 0x0F, 0xFE, 0x00, 0x00, 0x00, 0x00, 0xFF,
  0x80, 0x00, 0x00, 0x00, 0x1F, 0xF0, 0x00, 0x00, 0x00, 0x01, 0xFE, 0x00,
  0x00, 0x00, 0x00, 0x3F, 0xC0, 0x00, 0x00, 0x00, 0x07, 0xF8, 0x00, 0x00,
  0x00, 0x00, 0xFF, 0x00, 0x00, 0x00, 0x00, 0x1F, 0xE0, 0x00, 0x00, 0x00,
  0x03, 0xFC, 0x00, 0x00, 0x00, 0x00, 0x7F, 0x80, 0x00, 0x00, 0x00, 0x0F,
  0xF0, 0x00, 0x00, 0x00, 0x01, 0xFE, 0x00, 0x00, 0x00, 0x00, 0x3F, 0xC0,
  0x00, 0x00, 0x00, 0x07, 0xF8, 0x00, 0x00, 0x00, 0x00, 0xFF, 0x00, 0x00,
  0x00, 0x00, 0x1F, 0xE0, 0x00, 0x00, 0x00, 0x03, 0xFC, 0x00, 0x00, 0x00,
  0x00, 0x7F, 0x80, 0x00, 0x00, 0x00, 0x0F, 0xF0, 0x00, 0x00, 0x00, 0x01,
  0xFE, 0x00, 0x00, 0x00, 0x00, 0x3F, 0xC0, 0x00, 0x00, 0x00, 0x07, 0xF8,
  0x00, 0x00, 0x00, 0x00, 0xFF, 0x00, 0x00, 0x00, 0x7F, 0xFF, 0xFF, 0xFF,
  0xFB, 0xFF, 0xFF, 0xFF, 0xFF, 0xDF, 0xFF, 0xFF, 0xFF, 0xFE, 0xFF, 0xFF,
  0xFF, 0xFF, 0xF7, 0xFF, 0xFF, 0xFF, 0xFF, 0xBF, 0xFF, 0xFF, 0xFF, 0xF9,
  0xFF, 0xFF, 0xFF, 0xFF, 0xC0, 0x00, 0x00, 0x03, 0xFC, 0x00, 0x00, 0x00,
  0x3F, 0xC0, 0x00, 0x00, 0x03, 0xFE, 0x00, 0x00, 0x00, 0x1F, 0xE0, 0x00,
  0x00, 0x01, 0xFE, 0x00, 0x00, 0x00, 0x1F, 0xE0, 0x00, 0x00, 0x01, 0xFF,
  0x00, 0x00, 0x00, 0x0F, 0xF0, 0x00, 0x00, 0x00, 0xFF, 0x00, 0x00, 0x00,
  0x0F, 0xF8, 0x00, 0x00, 0x00, 0x7F, 0x80, 0x00, 0x00, 0x07, 0xF8, 0x00,
  0x00, 0x00, 0x7F, 0x80, 0x00, 0x00, 0x07, 0xFC, 0x00, 0x00, 0x00, 0x3F,
  0xC0, 0x00, 0x00, 0x03, 0xFC, 0x00, 0x00, 0x00, 0x3F, 0xE0, 0x00, 0x00,
  0x01, 0xFE, 0x00, 0x00, 0x00, 0x1F, 0xE0, 0x00, 0x00, 0x01, 0xFE, 0x00,
  0x00, 0x00, 0x1F, 0xF0, 0x00, 0x00, 0x00, 0xFF, 0x00, 0x00, 0x00, 0x0F,
  0xF0, 0x00, 0x00, 0x00, 0xFF, 0x80, 0x00, 0x00, 0x07, 0xF8, 0x00, 0x00,
  0x00, 0x7F, 0x80, 0x00, 0x00, 0x07, 0xFC, 0x00, 0x00, 0x00, 0x7F, 0xC0,
  0x00, 0x00, 0x03, 0xFC, 0x00, 0x00, 0x00, 0x3F, 0xC0, 0x00, 0x00, 0x03,
  0xFE, 0x00, 0x00, 0x00, 0x1F, 0xE0, 0x00, 0x00, 0x01, 0xFE, 0x00, 0x00,
  0x00, 0x1F, 0xF0, 0x00, 0x00, 0x01, 0xFF, 0x00, 0x00, 0x00, 0x0F, 0xF0,
  0x00, 0x00, 0x00, 0xFF, 0x00, 0x00, 0x00, 0x0F, 0xFF, 0xFF, 0xFF, 0xFF,
  0xFF, 0xFF, 0xFF, 0xFF, 0xFF, 0xFF, 0xFF, 0xFF, 0xFF, 0xFF, 0xFF, 0xFF,
  0xFF, 0xFF, 0xFF, 0xFF, 0xFF, 0xFF, 0xFF, 0xFF, 0xFF, 0xFF, 0xFF, 0xFF,
  0xFF, 0xFF, 0xFF, 0xFE, 0xFF, 0xFF, 0xFF, 0xFF, 0xFF, 0xFF, 0xFF, 0xFF,
  0xFF, 0xFF, 0xFF, 0xFF, 0xFF, 0xFF, 0xFF, 0xFF, 0x00, 0x0F, 0xF0, 0x00,
  0xFF, 0x00, 0x0F, 0xF0, 0x00, 0xFF, 0x00, 0x0F, 0xF0, 0x00, 0xFF, 0x00,
  0x0F, 0xF0, 0x00, 0xFF, 0x00, 0x0F, 0xF0, 0x00, 0xFF, 0x00, 0x0F, 0xF0,
  0x00, 0xFF, 0x00, 0x0F, 0xF0, 0x00, 0xFF, 0x00, 0x0F, 0xF0, 0x00, 0xFF,
  0x00, 0x0F, 0xF0, 0x00, 0xFF, 0x00, 0x0F, 0xF0, 0x00, 0xFF, 0x00, 0x0F,
  0xF0, 0x00, 0xFF, 0x00, 0x0F, 0xF0, 0x00, 0xFF, 0x00, 0x0F, 0xF0, 0x00,
  0xFF, 0x00, 0x0F, 0xF0, 0x00, 0xFF, 0x00, 0x0F, 0xF0, 0x00, 0xFF, 0x00,
  0x0F, 0xF0, 0x00, 0xFF, 0x00, 0x0F, 0xF0, 0x00, 0xFF, 0x00, 0x0F, 0xF0,
  0x00, 0xFF, 0x00, 0x0F, 0xF0, 0x00, 0xFF, 0x00, 0x0F, 0xF0, 0x00, 0xFF,
  0x00, 0x0F, 0xF0, 0x00, 0xFF, 0x00, 0x0F, 0xF0, 0x00, 0xFF, 0x00, 0x0F,
  0xF0, 0x00, 0xFF, 0x00, 0x0F, 0xF0, 0x00, 0xFF, 0x00, 0x0F, 0xF0, 0x00,
  0xFF, 0xFF, 0xFF, 0xFF, 0xFF, 0xFF, 0xFF, 0xFF, 0xFF, 0xFF, 0xFF, 0xFF,
  0xFF, 0xFF, 0xFF, 0x7F, 0x80, 0x00, 0x00, 0xFF, 0x00, 0x00, 0x00, 0xFE,
  0x00, 0x00, 0x01, 0xFE, 0x00, 0x00, 0x03, 0xFC, 0x00, 0x00, 0x03, 0xFC,
  0x00, 0x00, 0x07, 0xF8, 0x00, 0x00, 0x07, 0xF8, 0x00, 0x00, 0x0F, 0xF0,
  0x00, 0x00, 0x0F, 0xF0, 0x00, 0x00, 0x1F, 0xE0, 0x00, 0x00, 0x1F, 0xC0,
  0x00, 0x00, 0x3F, 0xC0, 0x00, 0x00, 0x7F, 0x80, 0x00, 0x00, 0x7F, 0x80,
  0x00, 0x00, 0xFF, 0x00, 0x00, 0x00, 0xFF, 0x00, 0x00, 0x01, 0xFE, 0x00,
  0x00, 0x01, 0xFC, 0x00, 0x00, 0x03, 0xFC, 0x00, 0x00, 0x03, 0xF8, 0x00,
  0x00, 0x07, 0xF8, 0x00, 0x00, 0x0F, 0xF0, 0x00, 0x00, 0x0F, 0xF0, 0x00,
  0x00, 0x1F, 0xE0, 0x00, 0x00, 0x1F, 0xE0, 0x00, 0x00, 0x3F, 0xC0, 0x00,
  0x00, 0x3F, 0x80, 0x00, 0x00, 0x7F, 0x80, 0x00, 0x00, 0xFF, 0x00, 0x00,
  0x00, 0xFF, 0x00, 0x00, 0x01, 0xFE, 0x00, 0x00, 0x01, 0xFE, 0x00, 0x00,
  0x03, 0xFC, 0x00, 0x00, 0x03, 0xFC, 0x00, 0x00, 0x07, 0xF8, 0x00, 0x00,
  0x07, 0xF0, 0x00, 0x00, 0x0F, 0xF0, 0x00, 0x00, 0x1F, 0xE0, 0x00, 0x00,
  0x1F, 0xE0, 0x00, 0x00, 0x3F, 0xC0, 0x00, 0x00, 0x3F, 0xC0, 0x00, 0x00,
  0x7F, 0x80, 0x00, 0x00, 0x7F, 0x00, 0x00, 0x00, 0xFF, 0x00, 0x00, 0x00,
  0xFE, 0x00, 0x00, 0x01, 0xFE, 0x00, 0x00, 0x03, 0xFC, 0x00, 0x00, 0x03,
  0xFC, 0x00, 0x00, 0x07, 0xF8, 0x00, 0x00, 0x07, 0xF8, 0xFF, 0xFF, 0xFF,
  0xFF, 0xFF, 0xFF, 0xFF, 0xFF, 0xFF, 0xFF, 0xFF, 0xFF, 0xFF, 0xFF, 0xFF,
  0x00, 0x07, 0xF0, 0x00, 0x7F, 0x00, 0x07, 0xF0, 0x00, 0x7F, 0x00, 0x07,
  0xF0, 0x00, 0x7F, 0x00, 0x07, 0xF0, 0x00, 0x7F, 0x00, 0x07, 0xF0, 0x00,
  0x7F, 0x00, 0x07, 0xF0, 0x00, 0x7F, 0x00, 0x07, 0xF0, 0x00, 0x7F, 0x00,
  0x07, 0xF0, 0x00, 0x7F, 0x00, 0x07, 0xF0, 0x00, 0x7F, 0x00, 0x07, 0xF0,
  0x00, 0x7F, 0x00, 0x07, 0xF0, 0x00, 0x7F, 0x00, 0x07, 0xF0, 0x00, 0x7F,
  0x00, 0x07, 0xF0, 0x00, 0x7F, 0x00, 0x07, 0xF0, 0x00, 0x7F, 0x00, 0x07,
  0xF0, 0x00, 0x7F, 0x00, 0x07, 0xF0, 0x00, 0x7F, 0x00, 0x07, 0xF0, 0x00,
  0x7F, 0x00, 0x07, 0xF0, 0x00, 0x7F, 0x00, 0x07, 0xF0, 0x00, 0x7F, 0x00,
  0x07, 0xF0, 0x00, 0x7F, 0x00, 0x07, 0xF0, 0x00, 0x7F, 0x00, 0x07, 0xF0,
  0x00, 0x7F, 0x00, 0x07, 0xF0, 0x00, 0x7F, 0x00, 0x07, 0xF0, 0x00, 0x7F,
  0x00, 0x07, 0xF0, 0x00, 0x7F, 0xFF, 0xFF, 0xFF, 0xFF, 0xFF, 0xFF, 0xFF,
  0xFF, 0xFF, 0xFF, 0xFF, 0xFF, 0xFF, 0xFF, 0xFF, 0x00, 0x01, 0x90, 0x00,
  0x00, 0x00, 0x0F, 0xC0, 0x00, 0x00, 0x00, 0xFE, 0x00, 0x00, 0x00, 0x07,
  0xF8, 0x00, 0x00, 0x00, 0x7F, 0xC0, 0x00, 0x00, 0x03, 0xFF, 0x00, 0x00,
  0x00, 0x3F, 0xF8, 0x00, 0x00, 0x01, 0xFF, 0xE0, 0x00, 0x00, 0x1F, 0xBF,
  0x00, 0x00, 0x00, 0xFC, 0xFC, 0x00, 0x00, 0x0F, 0xE7, 0xE0, 0x00, 0x00,
  0x7E, 0x1F, 0x80, 0x00, 0x07, 0xF0, 0xFC, 0x00, 0x00, 0x3F, 0x03, 0xF0,
  0x00, 0x01, 0xF8, 0x1F, 0xC0, 0x00, 0x1F, 0x80, 0x7E, 0x00, 0x00, 0xFC,
  0x03, 0xF8, 0x00, 0x0F, 0xC0, 0x0F, 0xC0, 0x00, 0x7E, 0x00, 0x7F, 0x00,
  0x07, 0xE0, 0x01, 0xF8, 0x00, 0x3F, 0x00, 0x0F, 0xE0, 0x03, 0xF8, 0x00,
  0x3F, 0x00, 0x1F, 0x80, 0x01, 0xFC, 0x01, 0xFC, 0x00, 0x07, 0xE0, 0x0F,
  0xC0, 0x00, 0x3F, 0x80, 0xFE, 0x00, 0x00, 0xFE, 0x07, 0xF0, 0x00, 0x07,
  0xF0, 0x7F, 0x00, 0x00, 0x1F, 0xC3, 0xF8, 0x00, 0x00, 0xFE, 0x3F, 0x80,
  0x00, 0x03, 0xF9, 0xFC, 0x00, 0x00, 0x1F, 0xDF, 0xC0, 0x00, 0x00, 0x7F,
  0xFE, 0x00, 0x00, 0x03, 0xF8, 0xFF, 0xFF, 0xFF, 0xFF, 0xFF, 0xFF, 0xFF,
  0xFF, 0xFF, 0xFF, 0xFF, 0xFF, 0xFF, 0xFF, 0xFF, 0xFF, 0xFF, 0xFF, 0xFF,
  0xFF, 0xFF, 0xFF, 0xFF, 0xFF, 0xFF, 0xFF, 0xFF, 0xFF, 0xFF, 0xFF, 0xFF,
  0xFF, 0xFF, 0xFF, 0xFF, 0xFF, 0xFF, 0xFF, 0xFF, 0xE0, 0xFF, 0x81, 0xFF,
  0x81, 0xFF, 0x01, 0xFF, 0x03, 0xFF, 0x03, 0xFE, 0x03, 0xFE, 0x03, 0xFE,
  0x03, 0xFC, 0x01, 0xFC, 0x01, 0xF8, 0x01, 0xF0, 0x03, 0xE0, 0x00, 0x3F,
  0xFF, 0x00, 0x00, 0xFF, 0xFF, 0xF0, 0x01, 0xFF, 0xFF, 0xFE, 0x03, 0xFF,
  0xFF, 0xFF, 0x81, 0xFF, 0xFF, 0xFF, 0xE0, 0xFF, 0xFF, 0xFF, 0xF0, 0x3F,
  0xFC, 0x7F, 0xFC, 0x1F, 0x80, 0x07, 0xFE, 0x07, 0x00, 0x01, 0xFF, 0x02,
  0x00, 0x00, 0x7F, 0xC0, 0x00, 0x00, 0x1F, 0xE0, 0x00, 0x00, 0x0F, 0xF0,
  0x00, 0x00, 0x07, 0xF8, 0x00, 0x00, 0x03, 0xFC, 0x00, 0x00, 0x01, 0xFE,
  0x00, 0x03, 0xFF, 0xFF, 0x00, 0x3F, 0xFF, 0xFF, 0x80, 0xFF, 0xFF, 0xFF,
  0xC1, 0xFF, 0xFF, 0xFF, 0xE1, 0xFF, 0xFF, 0xFF, 0xF1, 0xFF, 0xFC, 0x07,
  0xF9, 0xFF, 0xC0, 0x03, 0xFD, 0xFF, 0x80, 0x01, 0xFE, 0xFF, 0x00, 0x00,
  0xFF, 0xFF, 0x80, 0x00, 0x7F, 0xFF, 0x80, 0x00, 0x3F, 0xFF, 0xC0, 0x00,
  0x1F, 0xFF, 0xE0, 0x00, 0x1F, 0xFF, 0xF0, 0x00, 0x0F, 0xFF, 0xF8, 0x00,
  0x0F, 0xFF, 0xFE, 0x00, 0x0F, 0xFF, 0xFF, 0x00, 0x0F, 0xFF, 0x7F, 0xE0,
  0x1F, 0xFF, 0xBF, 0xFF, 0xFF, 0xFF, 0xCF, 0xFF, 0xFF, 0xEF, 0xE7, 0xFF,
  0xFF, 0xF7, 0xF1, 0xFF, 0xFF, 0xE3, 0xF8, 0x3F, 0xFF, 0xE0, 0xFC, 0x0F,
  0xFF, 0xC0, 0x7E, 0x00, 0x7E, 0x00, 0x00, 0xFF, 0x00, 0x00, 0x00, 0x3F,
  0xC0, 0x00, 0x00, 0x0F, 0xF0, 0x00, 0x00, 0x03, 0xFC, 0x00, 0x00, 0x00,
  0xFF, 0x00, 0x00, 0x00, 0x3F, 0xC0, 0x00, 0x00, 0x0F, 0xF0, 0x00, 0x00,
  0x03, 0xFC, 0x00, 0x00, 0x00, 0xFF, 0x00, 0x00, 0x00, 0x3F, 0xC0, 0x00,
  0x00, 0x0F, 0xF0, 0x00, 0x00, 0x03, 0xFC, 0x00, 0x00, 0x00, 0xFF, 0x00,
  0x00, 0x00, 0x3F, 0xC0, 0x00, 0x00, 0x0F, 0xF0, 0x00, 0x00, 0x03, 0xFC,
  0x00, 0x00, 0x00, 0xFF, 0x07, 0xFF, 0x00, 0x3F, 0xC7, 0xFF, 0xF0, 0x0F,
  0xF7, 0xFF, 0xFE, 0x03, 0xFF, 0xFF, 0xFF, 0xE0, 0xFF, 0xFF, 0xFF, 0xF8,
  0x3F, 0xFF, 0xFF, 0xFF, 0x0F, 0xFF, 0xF3, 0xFF, 0xE3, 0xFF, 0xC0, 0x0F,
  0xFC, 0xFF, 0xE0, 0x01, 0xFF, 0x3F, 0xF0, 0x00, 0x3F, 0xCF, 0xF8, 0x00,
  0x0F, 0xFB, 0xFE, 0x00, 0x01, 0xFE, 0xFF, 0x00, 0x00, 0x7F, 0xBF, 0xC0,
  0x00, 0x1F, 0xFF, 0xF0, 0x00, 0x03, 0xFF, 0xFC, 0x00, 0x00, 0xFF, 0xFF,
  0x00, 0x00, 0x3F, 0xFF, 0xC0, 0x00, 0x0F, 0xFF, 0xF0, 0x00, 0x03, 0xFF,
  0xFC, 0x00, 0x00, 0xFF, 0xFF, 0x00, 0x00, 0x3F, 0xFF, 0xC0, 0x00, 0x0F,
  0xFF, 0xF0, 0x00, 0x03, 0xFF, 0xFC, 0x00, 0x00, 0xFF, 0xFF, 0x00, 0x00,
  0x3F, 0xFF, 0xC0, 0x00, 0x1F, 0xFF, 0xF0, 0x00, 0x07, 0xFB, 0xFE, 0x00,
  0x01, 0xFE, 0xFF, 0x80, 0x00, 0xFF, 0xBF, 0xF0, 0x00, 0x3F, 0xEF, 0xFC,
  0x00, 0x1F, 0xF3, 0xFF, 0xC0, 0x0F, 0xFC, 0xFF, 0xFC, 0x0F, 0xFE, 0x3F,
  0xFF, 0xFF, 0xFF, 0x0F, 0xFF, 0xFF, 0xFF, 0xC3, 0xFB, 0xFF, 0xFF, 0xE0,
  0xFC, 0x7F, 0xFF, 0xF0, 0x3F, 0x0F, 0xFF, 0xF0, 0x0F, 0xC0, 0xFF, 0xF8,
  0x00, 0x00, 0x07, 0xE0, 0x00, 0x00, 0x03, 0xFF, 0xF0, 0x00, 0x0F, 0xFF,
  0xFF, 0x80, 0x1F, 0xFF, 0xFF, 0xE0, 0x3F, 0xFF, 0xFF, 0xF0, 0x3F, 0xFF,
  0xFF, 0xF0, 0x3F, 0xFF, 0xFF, 0xF8, 0x3F, 0xFF, 0xFF, 0xFC, 0x3F, 0xFC,
  0x00, 0x7C, 0x1F, 0xF8, 0x00, 0x06, 0x1F, 0xF8, 0x00, 0x00, 0x0F, 0xF8,
  0x00, 0x00, 0x07, 0xF8, 0x00, 0x00, 0x07, 0xFC, 0x00, 0x00, 0x03, 0xFC,
  0x00, 0x00, 0x01, 0xFE, 0x00, 0x00, 0x00, 0xFF, 0x00, 0x00, 0x00, 0x7F,
  0x80, 0x00, 0x00, 0x7F, 0x80, 0x00, 0x00, 0x3F, 0xC0, 0x00, 0x00, 0x1F,
  0xE0, 0x00, 0x00, 0x0F, 0xF0, 0x00, 0x00, 0x07, 0xF8, 0x00, 0x00, 0x03,
  0xFE, 0x00, 0x00, 0x00, 0xFF, 0x00, 0x00, 0x00, 0x7F, 0x80, 0x00, 0x00,
  0x3F, 0xC0, 0x00, 0x00, 0x1F, 0xE0, 0x00, 0x00, 0x0F, 0xF8, 0x00, 0x00,
  0x03, 0xFE, 0x00, 0x00, 0x01, 0xFF, 0x00, 0x00, 0x00, 0x7F, 0xC0, 0x00,
  0x04, 0x3F, 0xF8, 0x00, 0x0E, 0x0F, 0xFF, 0xC0, 0xFF, 0x03, 0xFF, 0xFF,
  0xFF, 0x81, 0xFF, 0xFF, 0xFF, 0xC0, 0x3F, 0xFF, 0xFF, 0xE0, 0x0F, 0xFF,
  0xFF, 0xF0, 0x01, 0xFF, 0xFF, 0xF8, 0x00, 0x3F, 0xFF, 0xE0, 0x00, 0x01,
  0xFF, 0x00, 0x00, 0x00, 0x00, 0x1F, 0xC0, 0x00, 0x00, 0x07, 0xF0, 0x00,
  0x00, 0x01, 0xFC, 0x00, 0x00, 0x00, 0x7F, 0x00, 0x00, 0x00, 0x1F, 0xC0,
  0x00, 0x00, 0x07, 0xF0, 0x00, 0x00, 0x01, 0xFC, 0x00, 0x00, 0x00, 0x7F,
  0x00, 0x00, 0x00, 0x1F, 0xC0, 0x00, 0x00, 0x07, 0xF0, 0x00, 0x00, 0x01,
  0xFC, 0x00, 0x00, 0x00, 0x7F, 0x00, 0x00, 0x00, 0x1F, 0xC0, 0x00, 0x00,
  0x07, 0xF0, 0x00, 0x00, 0x01, 0xFC, 0x00, 0x00, 0x00, 0x7F, 0x00, 0x1F,
  0xF8, 0x1F, 0xC0, 0x3F, 0xFF, 0x87, 0xF0, 0x1F, 0xFF, 0xF9, 0xFC, 0x0F,
  0xFF, 0xFF, 0x7F, 0x07, 0xFF, 0xFF, 0xFF, 0xC3, 0xFF, 0xFF, 0xFF, 0xF1,
  0xFF, 0xE1, 0xFF, 0xFC, 0x7F, 0xE0, 0x0F, 0xFF, 0x3F, 0xE0, 0x01, 0xFF,
  0xCF, 0xF8, 0x00, 0x3F, 0xF7, 0xFC, 0x00, 0x07, 0xFD, 0xFE, 0x00, 0x01,
  0xFF, 0x7F, 0x80, 0x00, 0x3F, 0xDF, 0xE0, 0x00, 0x0F, 0xFF, 0xF8, 0x00,
  0x03, 0xFF, 0xFC, 0x00, 0x00, 0xFF, 0xFF, 0x00, 0x00, 0x3F, 0xFF, 0xC0,
  0x00, 0x0F, 0xFF, 0xF0, 0x00, 0x01, 0xFF, 0xFC, 0x00, 0x00, 0x7F, 0xFF,
  0x00, 0x00, 0x1F, 0xFF, 0xC0, 0x00, 0x07, 0xFF, 0xF0, 0x00, 0x03, 0xFF,
  0xFC, 0x00, 0x00, 0xFF, 0xFF, 0x80, 0x00, 0x3F, 0xDF, 0xE0, 0x00, 0x0F,
  0xF7, 0xF8, 0x00, 0x03, 0xFD, 0xFE, 0x00, 0x00, 0xFF, 0x7F, 0xC0, 0x00,
  0x7F, 0xCF, 0xF0, 0x00, 0x1F, 0xF3, 0xFE, 0x00, 0x0F, 0xFC, 0xFF, 0xC0,
  0x07, 0xFF, 0x1F, 0xFC, 0x07, 0xFF, 0xC3, 0xFF, 0xFF, 0xFF, 0xF0, 0xFF,
  0xFF, 0xFF, 0xFC, 0x1F, 0xFF, 0xFF, 0x7F, 0x03, 0xFF, 0xFF, 0x9F, 0xC0,
  0x3F, 0xFF, 0xC3, 0xF0, 0x03, 0xFF, 0xC0, 0xFC, 0x00, 0x1F, 0x00, 0x00,
  0x00, 0x0F, 0xFF, 0x00, 0x00, 0x07, 0xFF, 0xFC, 0x00, 0x03, 0xFF, 0xFF,
  0xC0, 0x00, 0xFF, 0xFF, 0xFE, 0x00, 0x3F, 0xFF, 0xFF, 0xE0, 0x0F, 0xFF,
  0xFF, 0xFE, 0x03, 0xFF, 0xE3, 0xFF, 0xC0, 0xFF, 0xC0, 0x0F, 0xFC, 0x1F,
  0xE0, 0x00, 0xFF, 0x87, 0xF8, 0x00, 0x0F, 0xF8, 0xFF, 0x00, 0x00, 0xFF,
  0x3F, 0xC0, 0x00, 0x1F, 0xF7, 0xF8, 0x00, 0x01, 0xFE, 0xFE, 0x00, 0x00,
  0x3F, 0xFF, 0xC0, 0x00, 0x07, 0xFF, 0xFF, 0xFF, 0xFF, 0xFF, 0xFF, 0xFF,
  0xFF, 0xFF, 0xFF, 0xFF, 0xFF, 0xFF, 0xFF, 0xFF, 0xFF, 0xFF, 0xFF, 0xFF,
  0xFF, 0xFF, 0xFF, 0xFF, 0xFF, 0xFF, 0xFF, 0xFF, 0xFF, 0xFF, 0xFF, 0xFF,
  0xFF, 0xC0, 0x00, 0x00, 0x07, 0xF8, 0x00, 0x00, 0x00, 0xFF, 0x00, 0x00,
  0x00, 0x0F, 0xF0, 0x00, 0x00, 0x01, 0xFE, 0x00, 0x00, 0x00, 0x3F, 0xC0,
  0x00, 0x00, 0x07, 0xFC, 0x00, 0x00, 0x00, 0x7F, 0xC0, 0x00, 0x00, 0x0F,
  0xFC, 0x00, 0x00, 0x60, 0xFF, 0xC0, 0x00, 0x7C, 0x0F, 0xFF, 0x81, 0xFF,
  0x81, 0xFF, 0xFF, 0xFF, 0xF0, 0x1F, 0xFF, 0xFF, 0xFE, 0x01, 0xFF, 0xFF,
  0xFF, 0xC0, 0x0F, 0xFF, 0xFF, 0xF8, 0x00, 0x7F, 0xFF, 0xFC, 0x00, 0x03,
  0xFF, 0xFC, 0x00, 0x00, 0x07, 0xF0, 0x00, 0x00, 0x00, 0x0F, 0xFF, 0x00,
  0x00, 0x0F, 0xFF, 0xFC, 0x00, 0x07, 0xFF, 0xFF, 0x80, 0x01, 0xFF, 0xFF,
  0xE0, 0x00, 0x7F, 0xFF, 0xFC, 0x00, 0x0F, 0xFF, 0xFF, 0x80, 0x03, 0xFF,
  0xFF, 0xF0, 0x00, 0x7F, 0xC0, 0x04, 0x00, 0x1F, 0xF0, 0x00, 0x00, 0x03,
  0xFC, 0x00, 0x00, 0x00, 0x7F, 0x80, 0x00, 0x00, 0x0F, 0xF0, 0x00, 0x00,
  0x01, 0xFE, 0x00, 0x00, 0x00, 0x3F, 0xC0, 0x00, 0x00, 0x07, 0xF8, 0x00,
  0x00, 0x00, 0xFF, 0x00, 0x00, 0x00, 0x3F, 0xFF, 0xFF, 0x1F, 0xFF, 0xFF,
  0xFF, 0xE3, 0xFF, 0xFF, 0xFF, 0xFC, 0x7F, 0xFF, 0xFF, 0xFF, 0x8F, 0xFF,
  0xFF, 0xFF, 0xF1, 0xFF, 0xFF, 0xFF, 0xFE, 0x3F, 0xFF, 0xFF, 0xFF, 0xC0,
  0x00, 0xFF, 0x00, 0x00, 0x00, 0x1F, 0xE0, 0x00, 0x00, 0x03, 0xFC, 0x00,
  0x00, 0x00, 0x7F, 0x80, 0x00, 0x00, 0x0F, 0xF0, 0x00, 0x00, 0x01, 0xFE,
  0x00, 0x00, 0x00, 0x3F, 0xC0, 0x00, 0x00, 0x07, 0xF8, 0x00, 0x00, 0x00,
  0xFF, 0x00, 0x00, 0x00, 0x1F, 0xE0, 0x00, 0x00, 0x03, 0xFC, 0x00, 0x00,
  0x00, 0x7F, 0x80, 0x00, 0x00, 0x0F, 0xF0, 0x00, 0x00, 0x01, 0xFE, 0x00,
  0x00, 0x00, 0x3F, 0xC0, 0x00, 0x00, 0x07, 0xF8, 0x00, 0x00, 0x00, 0xFF,
  0x00, 0x00, 0x00, 0x1F, 0xE0, 0x00, 0x00, 0x03, 0xFC, 0x00, 0x00, 0x00,
  0x7F, 0x80, 0x00, 0x00, 0x0F, 0xF0, 0x00, 0x00, 0x01, 0xFE, 0x00, 0x00,
  0x00, 0x3F, 0xC0, 0x00, 0x00, 0x07, 0xF8, 0x00, 0x00, 0x00, 0xFF, 0x00,
  0x00, 0x00, 0x1F, 0xE0, 0x00, 0x00, 0x03, 0xFC, 0x00, 0x00, 0x00, 0x7F,
  0x80, 0x00, 0x00, 0x0F, 0xF0, 0x00, 0x00, 0x01, 0xFE, 0x00, 0x00, 0x00,
  0x3F, 0xC0, 0x00, 0x00, 0x07, 0xF8, 0x00, 0x00, 0x00, 0x0F, 0xFF, 0xFF,
  0xF8, 0x03, 0xFF, 0xFF, 0xFF, 0xC0, 0x3F, 0xFF, 0xFF, 0xFE, 0x03, 0xFF,
  0xFF, 0xFF, 0xF0, 0x3F, 0xFF, 0xFF, 0xFF, 0x83, 0xFF, 0xFF, 0xFF, 0xFC,
  0x3F, 0xF0, 0x0F, 0xF8, 0x01, 0xFE, 0x00, 0x3F, 0xE0, 0x0F, 0xF0, 0x00,
  0xFF, 0x00, 0xFF, 0x00, 0x07, 0xF8, 0x07, 0xF8, 0x00, 0x1F, 0xC0, 0x3F,
  0xC0, 0x00, 0xFF, 0x01, 0xFE, 0x00, 0x07, 0xF8, 0x0F, 0xF0, 0x00, 0x3F,
  0xC0, 0x7F, 0x80, 0x01, 0xFE, 0x03, 0xFC, 0x00, 0x0F, 0xE0, 0x1F, 0xE0,
  0x00, 0xFF, 0x00, 0x7F, 0x80, 0x07, 0xF8, 0x03, 0xFE, 0x00, 0x7F, 0xC0,
  0x1F, 0xF8, 0x0F, 0xFC, 0x00, 0x7F, 0xFF, 0xFF, 0xC0, 0x01, 0xFF, 0xFF,
  0xFE, 0x00, 0x07, 0xFF, 0xFF, 0xE0, 0x00, 0x1F, 0xFF, 0xFC, 0x00, 0x00,
  0xFF, 0xFF, 0xC0, 0x00, 0x0F, 0xFF, 0xE0, 0x00, 0x00, 0xFF, 0x00, 0x00,
  0x00, 0x07, 0xF0, 0x00, 0x00, 0x00, 0x7F, 0x00, 0x00, 0x00, 0x03, 0xF8,
  0x00, 0x00, 0x00, 0x1F, 0xE0, 0x00, 0x00, 0x00, 0xFF, 0xFF, 0xFC, 0x00,
  0x07, 0xFF, 0xFF, 0xFE, 0x00, 0x1F, 0xFF, 0xFF, 0xFC, 0x00, 0xFF, 0xFF,
  0xFF, 0xF0, 0x03, 0xFF, 0xFF, 0xFF, 0xC0, 0x7F, 0xFF, 0xFF, 0xFE, 0x0F,
  0xFF, 0xFF, 0xFF, 0xF8, 0xFF, 0xE0, 0x03, 0xFF, 0xCF, 0xF8, 0x00, 0x01,
  0xFF, 0x7F, 0x80, 0x00, 0x07, 0xFF, 0xF8, 0x00, 0x00, 0x3F, 0xFF, 0xC0,
  0x00, 0x01, 0xFF, 0xFC, 0x00, 0x00, 0x0F, 0xFF, 0xE0, 0x00, 0x00, 0x7F,
  0xFF, 0x00, 0x00, 0x03, 0xFB, 0xFC, 0x00, 0x00, 0x3F, 0xDF, 0xE0, 0x00,
  0x03, 0xFE, 0xFF, 0x80, 0x00, 0x3F, 0xE3, 0xFF, 0x00, 0x1F, 0xFF, 0x1F,
  0xFF, 0xFF, 0xFF, 0xF0, 0x7F, 0xFF, 0xFF, 0xFF, 0x01, 0xFF, 0xFF, 0xFF,
  0xF0, 0x07, 0xFF, 0xFF, 0xFE, 0x00, 0x0F, 0xFF, 0xFF, 0xC0, 0x00, 0x0F,
  0xFF, 0xF0, 0x00, 0xFF, 0x00, 0x00, 0x00, 0x7F, 0x80, 0x00, 0x00, 0x3F,
  0xC0, 0x00, 0x00, 0x1F, 0xE0, 0x00, 0x00, 0x0F, 0xF0, 0x00, 0x00, 0x07,
  0xF8, 0x00, 0x00, 0x03, 0xFC, 0x00, 0x00, 0x01, 0xFE, 0x00, 0x00, 0x00,
  0xFF, 0x00, 0x00, 0x00, 0x7F, 0x80, 0x00, 0x00, 0x3F, 0xC0, 0x00, 0x00,
  0x1F, 0xE0, 0x00, 0x00, 0x0F, 0xF0, 0x00, 0x00, 0x07, 0xF8, 0x00, 0x00,
  0x03, 0xFC, 0x00, 0x00, 0x01, 0xFE, 0x00, 0x00, 0x00, 0xFF, 0x07, 0xFF,
  0x80, 0x7F, 0x8F, 0xFF, 0xF0, 0x3F, 0xCF, 0xFF, 0xFE, 0x1F, 0xFF, 0xFF,
  0xFF, 0x8F, 0xFF, 0xFF, 0xFF, 0xE7, 0xFF, 0xFF, 0xFF, 0xF3, 0xFF, 0xFC,
  0x7F, 0xFD, 0xFF, 0xF0, 0x07, 0xFE, 0xFF, 0xE0, 0x00, 0xFF, 0xFF, 0xE0,
  0x00, 0x7F, 0xFF, 0xF0, 0x00, 0x1F, 0xFF, 0xF0, 0x00, 0x0F, 0xFF, 0xF8,
  0x00, 0x07, 0xFF, 0xF8, 0x00, 0x03, 0xFF, 0xFC, 0x00, 0x01, 0xFF, 0xFE,
  0x00, 0x00, 0xFF, 0xFF, 0x00, 0x00, 0x7F, 0xFF, 0x80, 0x00, 0x3F, 0xFF,
  0xC0, 0x00, 0x1F, 0xFF, 0xE0, 0x00, 0x0F, 0xFF, 0xF0, 0x00, 0x07, 0xFF,
  0xF8, 0x00, 0x03, 0xFF, 0xFC, 0x00, 0x01, 0xFF, 0xFE, 0x00, 0x00, 0xFF,
  0xFF, 0x00, 0x00, 0x7F, 0xFF, 0x80, 0x00, 0x3F, 0xFF, 0xC0, 0x00, 0x1F,
  0xFF, 0xE0, 0x00, 0x0F, 0xFF, 0xF0, 0x00, 0x07, 0xFF, 0xF8, 0x00, 0x03,
  0xFF, 0xFC, 0x00, 0x01, 0xFF, 0xFE, 0x00, 0x00, 0xFF, 0xFF, 0x00, 0x00,
  0x7F, 0xFF, 0x80, 0x00, 0x3F, 0xFF, 0xC0, 0x00, 0x1F, 0xFF, 0xE0, 0x00,
  0x0F, 0xFF, 0xF0, 0x00, 0x07, 0xFF, 0xF8, 0x00, 0x03, 0xFF, 0xFC, 0x00,
  0x01, 0xFE, 0x00, 0x00, 0x00, 0x00, 0x00, 0x03, 0xF0, 0x00, 0x00, 0x03,
  0xFC, 0x00, 0x00, 0x01, 0xFF, 0x00, 0x00, 0x00, 0xFF, 0x80, 0x00, 0x00,
  0x7F, 0xC0, 0x00, 0x00, 0x3F, 0xE0, 0x00, 0x00, 0x1F, 0xE0, 0x00, 0x00,
  0x07, 0xF0, 0x00, 0x00, 0x01, 0xE0, 0x00, 0x00, 0x00, 0x00, 0x00, 0x00,
  0x00, 0x00, 0x00, 0x00, 0x00, 0x00, 0x00, 0x00, 0x00, 0x00, 0x00, 0x00,
  0x00, 0x00, 0x00, 0x00, 0x00, 0x00, 0x00, 0x00, 0x1F, 0xFF, 0xF0, 0x00,
  0x0F, 0xFF, 0xF8, 0x00, 0x07, 0xFF, 0xFC, 0x00, 0x03, 0xFF, 0xFE, 0x00,
  0x01, 0xFF, 0xFF, 0x00, 0x00, 0xFF, 0xFF, 0x80, 0x00, 0x03, 0xFF, 0xC0,
  0x00, 0x00, 0x1F, 0xE0, 0x00, 0x00, 0x0F, 0xF0, 0x00, 0x00, 0x07, 0xF8,
  0x00, 0x00, 0x03, 0xFC, 0x00, 0x00, 0x01, 0xFE, 0x00, 0x00, 0x00, 0xFF,
  0x00, 0x00, 0x00, 0x7F, 0x80, 0x00, 0x00, 0x3F, 0xC0, 0x00, 0x00, 0x1F,
  0xE0, 0x00, 0x00, 0x0F, 0xF0, 0x00, 0x00, 0x07, 0xF8, 0x00, 0x00, 0x03,
  0xFC, 0x00, 0x00, 0x01, 0xFE, 0x00, 0x00, 0x00, 0xFF, 0x00, 0x00, 0x00,
  0x7F, 0x80, 0x00, 0x00, 0x3F, 0xC0, 0x00, 0x00, 0x1F, 0xE0, 0x00, 0x00,
  0x0F, 0xF0, 0x00, 0x00, 0x07, 0xF8, 0x00, 0x00, 0x03, 0xFC, 0x00, 0x00,
  0x01, 0xFE, 0x00, 0x00, 0x00, 0xFF, 0x00, 0x00, 0x00, 0x7F, 0x80, 0x00,
  0x00, 0x3F, 0xC0, 0x00, 0x00, 0x1F, 0xE0, 0x00, 0x00, 0x0F, 0xF0, 0x00,
  0x7F, 0xFF, 0xFF, 0xFF, 0xBF, 0xFF, 0xFF, 0xFF, 0xFF, 0xFF, 0xFF, 0xFF,
  0xFF, 0xFF, 0xFF, 0xFF, 0xFF, 0xFF, 0xFF, 0xFF, 0xFF, 0xFF, 0xFF, 0xFF,
  0xFE, 0x00, 0x00, 0x00, 0x00, 0x00, 0x03, 0xF0, 0x00, 0x00, 0xFF, 0x00,
  0x00, 0x1F, 0xE0, 0x00, 0x03, 0xFE, 0x00, 0x00, 0x7F, 0xC0, 0x00, 0x0F,
  0xF0, 0x00, 0x01, 0xFE, 0x00, 0x00, 0x1F, 0xC0, 0x00, 0x01, 0xE0, 0x00,
  0x00, 0x00, 0x00, 0x00, 0x00, 0x00, 0x00, 0x00, 0x00, 0x00, 0x00, 0x00,
  0x00, 0x00, 0x00, 0x00, 0x00, 0x00, 0x00, 0x0F, 0xFF, 0xFF, 0xE1, 0xFF,
  0xFF, 0xFC, 0x3F, 0xFF, 0xFF, 0x87, 0xFF, 0xFF, 0xF0, 0xFF, 0xFF, 0xFE,
  0x1F, 0xFF, 0xFF, 0xC0, 0x07, 0xFF, 0xF8, 0x00, 0x00, 0xFF, 0x00, 0x00,
  0x1F, 0xE0, 0x00, 0x03, 0xFC, 0x00, 0x00, 0x7F, 0x80, 0x00, 0x0F, 0xF0,
  0x00, 0x01, 0xFE, 0x00, 0x00, 0x3F, 0xC0, 0x00, 0x07, 0xF8, 0x00, 0x00,
  0xFF, 0x00, 0x00, 0x1F, 0xE0, 0x00, 0x03, 0xFC, 0x00, 0x00, 0x7F, 0x80,
  0x00, 0x0F, 0xF0, 0x00, 0x01, 0xFE, 0x00, 0x00, 0x3F, 0xC0, 0x00, 0x07,
  0xF8, 0x00, 0x00, 0xFF, 0x00, 0x00, 0x1F, 0xE0, 0x00, 0x03, 0xFC, 0x00,
  0x00, 0x7F, 0x80, 0x00, 0x0F, 0xF0, 0x00, 0x01, 0xFE, 0x00, 0x00, 0x3F,
  0xC0, 0x00, 0x07, 0xF8, 0x00, 0x00, 0xFF, 0x00, 0x00, 0x1F, 0xE0, 0x00,
  0x03, 0xFC, 0x00, 0x00, 0x7F, 0x80, 0x00, 0x0F, 0xF0, 0x00, 0x01, 0xFE,
  0x00, 0x00, 0x3F, 0xC0, 0x00, 0x07, 0xF8, 0x00, 0x00, 0xFF, 0x00, 0x00,
  0x1F, 0xE0, 0x00, 0x03, 0xFC, 0x00, 0x00, 0x7F, 0x80, 0x00, 0x0F, 0xF0,
  0x00, 0x01, 0xFE, 0x00, 0x00, 0x7F, 0x80, 0x00, 0x0F, 0xF0, 0x00, 0x03,
  0xFE, 0xC0, 0x00, 0xFF, 0xDF, 0xE0, 0xFF, 0xF3, 0xFF, 0xFF, 0xFC, 0x7F,
  0xFF, 0xFF, 0x8F, 0xFF, 0xFF, 0xE1, 0xFF, 0xFF, 0xF0, 0x3F, 0xFF, 0xFC,
  0x01, 0xFF, 0xFC, 0x00, 0xFF, 0x00, 0x00, 0x00, 0x1F, 0xE0, 0x00, 0x00,
  0x03, 0xFC, 0x00, 0x00, 0x00, 0x7F, 0x80, 0x00, 0x00, 0x0F, 0xF0, 0x00,
  0x00, 0x01, 0xFE, 0x00, 0x00, 0x00, 0x3F, 0xC0, 0x00, 0x00, 0x07, 0xF8,
  0x00, 0x00, 0x00, 0xFF, 0x00, 0x00, 0x00, 0x1F, 0xE0, 0x00, 0x00, 0x03,
  0xFC, 0x00, 0x00, 0x00, 0x7F, 0x80, 0x00, 0x00, 0x0F, 0xF0, 0x00, 0x00,
  0x01, 0xFE, 0x00, 0x00, 0x00, 0x3F, 0xC0, 0x00, 0x00, 0x07, 0xF8, 0x00,
  0x00, 0x00, 0xFF, 0x00, 0x00, 0x40, 0x3F, 0xE0, 0x00, 0x1F, 0xF3, 0xFC,
  0x00, 0x07, 0xFE, 0x7F, 0x80, 0x01, 0xFF, 0x0F, 0xF0, 0x00, 0x7F, 0xC1,
  0xFE, 0x00, 0x1F, 0xF0, 0x3F, 0xC0, 0x07, 0xFC, 0x07, 0xF8, 0x01, 0xFF,
  0x00, 0xFF, 0x00, 0x7F, 0xC0, 0x1F, 0xE0, 0x1F, 0xF0, 0x03, 0xFC, 0x07,
  0xFC, 0x00, 0x7F, 0x81, 0xFF, 0x00, 0x0F, 0xF0, 0x7F, 0xC0, 0x01, 0xFC,
  0x1F, 0xF0, 0x00, 0x3F, 0x87, 0xFC, 0x00, 0x07, 0xF1, 0xFE, 0x00, 0x00,
  0xFE, 0x7F, 0x80, 0x00, 0x1F, 0xDF, 0xF0, 0x00, 0x03, 0xFF, 0xFF, 0x00,
  0x00, 0x7F, 0xFF, 0xF0, 0x00, 0x0F, 0xFF, 0xFE, 0x00, 0x01, 0xFF, 0xFF,
  0xE0, 0x00, 0x3F, 0xE3, 0xFE, 0x00, 0x07, 0xF8, 0x3F, 0xE0, 0x00, 0xFF,
  0x03, 0xFE, 0x00, 0x1F, 0xE0, 0x3F, 0xE0, 0x03, 0xFC, 0x03, 0xFE, 0x00,
  0x7F, 0x80, 0x3F, 0xE0, 0x0F, 0xF0, 0x07, 0xFC, 0x01, 0xFE, 0x00, 0x7F,
  0xC0, 0x3F, 0xC0, 0x07, 0xFC, 0x07, 0xF8, 0x00, 0x7F, 0xC0, 0xFF, 0x00,
  0x07, 0xFC, 0x1F, 0xE0, 0x00, 0x7F, 0xC3, 0xFC, 0x00, 0x0F, 0xFC, 0x7F,
  0x80, 0x00, 0xFF, 0x8F, 0xF0, 0x00, 0x0F, 0xF9, 0xFE, 0x00, 0x00, 0xFF,
  0xBF, 0xC0, 0x00, 0x0F, 0xF8, 0x1F, 0xFF, 0xF0, 0x00, 0x1F, 0xFF, 0xF0,
  0x00, 0x1F, 0xFF, 0xF0, 0x00, 0x1F, 0xFF, 0xF0, 0x00, 0x1F, 0xFF, 0xF0,
  0x00, 0x1F, 0xFF, 0xF0, 0x00, 0x03, 0xFF, 0xF0, 0x00, 0x00, 0x0F, 0xF0,
  0x00, 0x00, 0x0F, 0xF0, 0x00, 0x00, 0x0F, 0xF0, 0x00, 0x00, 0x0F, 0xF0,
  0x00, 0x00, 0x0F, 0xF0, 0x00, 0x00, 0x0F, 0xF0, 0x00, 0x00, 0x0F, 0xF0,
  0x00, 0x00, 0x0F, 0xF0, 0x00, 0x00, 0x0F, 0xF0, 0x00, 0x00, 0x0F, 0xF0,
  0x00, 0x00, 0x0F, 0xF0, 0x00, 0x00, 0x0F, 0xF0, 0x00, 0x00, 0x0F, 0xF0,
  0x00, 0x00, 0x0F, 0xF0, 0x00, 0x00, 0x0F, 0xF0, 0x00, 0x00, 0x0F, 0xF0,
  0x00, 0x00, 0x0F, 0xF0, 0x00, 0x00, 0x0F, 0xF0, 0x00, 0x00, 0x0F, 0xF0,
  0x00, 0x00, 0x0F, 0xF0, 0x00, 0x00, 0x0F, 0xF0, 0x00, 0x00, 0x0F, 0xF0,
  0x00, 0x00, 0x0F, 0xF0, 0x00, 0x00, 0x0F, 0xF0, 0x00, 0x00, 0x0F, 0xF0,
  0x00, 0x00, 0x0F, 0xF0, 0x00, 0x00, 0x0F, 0xF0, 0x00, 0x00, 0x0F, 0xF0,
  0x00, 0x00, 0x0F, 0xF0, 0x00, 0x00, 0x0F, 0xF0, 0x00, 0x00, 0x0F, 0xF0,
  0x00, 0x00, 0x0F, 0xF0, 0x00, 0x00, 0x0F, 0xF0, 0x00, 0x00, 0x0F, 0xF0,
  0x00, 0x00, 0x0F, 0xF0, 0x00, 0x00, 0x0F, 0xF0, 0x00, 0x00, 0x0F, 0xF0,
  0x00, 0x00, 0x0F, 0xF0, 0x00, 0x00, 0x0F, 0xF0, 0x00, 0x00, 0x0F, 0xF0,
  0x00, 0x00, 0x0F, 0xF0, 0x00, 0x00, 0x0F, 0xF0, 0x00, 0xFF, 0xFF, 0xFF,
  0xFF, 0xFF, 0xFF, 0xFF, 0xFF, 0xFF, 0xFF, 0xFF, 0xFF, 0xFF, 0xFF, 0xFF,
  0xFF, 0xFF, 0xFF, 0xFF, 0xFF, 0xFF, 0xFF, 0xFF, 0xFF, 0xF8, 0x3F, 0x80,
  0x7F, 0x83, 0xE3, 0xFF, 0x03, 0xFF, 0x0F, 0xDF, 0xFE, 0x1F, 0xFE, 0x3F,
  0x7F, 0xFC, 0xFF, 0xFC, 0xFF, 0xFF, 0xF7, 0xFF, 0xF3, 0xFF, 0xFF, 0xFF,
  0xFF, 0xEF, 0xFC, 0xFF, 0xFC, 0xFF, 0xBF, 0xE0, 0xFF, 0xC1, 0xFE, 0xFF,
  0x03, 0xFF, 0x03, 0xFB, 0xFC, 0x07, 0xF8, 0x0F, 0xFF, 0xE0, 0x1F, 0xE0,
  0x3F, 0xFF, 0x80, 0x7F, 0x80, 0x7F, 0xFE, 0x01, 0xFC, 0x01, 0xFF, 0xF8,
  0x07, 0xF0, 0x07, 0xFF, 0xE0, 0x1F, 0xC0, 0x1F, 0xFF, 0x80, 0x7F, 0x00,
  0x7F, 0xFE, 0x01, 0xFC, 0x01, 0xFF, 0xF8, 0x07, 0xF0, 0x07, 0xFF, 0xE0,
  0x1F, 0xC0, 0x1F, 0xFF, 0x80, 0x7F, 0x00, 0x7F, 0xFE, 0x01, 0xFC, 0x01,
  0xFF, 0xF8, 0x07, 0xF0, 0x07, 0xFF, 0xE0, 0x1F, 0xC0, 0x1F, 0xFF, 0x80,
  0x7F, 0x00, 0x7F, 0xFE, 0x01, 0xFC, 0x01, 0xFF, 0xF8, 0x07, 0xF0, 0x07,
  0xFF, 0xE0, 0x1F, 0xC0, 0x1F, 0xFF, 0x80, 0x7F, 0x00, 0x7F, 0xFE, 0x01,
  0xFC, 0x01, 0xFF, 0xF8, 0x07, 0xF0, 0x07, 0xFF, 0xE0, 0x1F, 0xC0, 0x1F,
  0xFF, 0x80, 0x7F, 0x00, 0x7F, 0xFE, 0x01, 0xFC, 0x01, 0xFF, 0xF8, 0x07,
  0xF0, 0x07, 0xFF, 0xE0, 0x1F, 0xC0, 0x1F, 0xFF, 0x80, 0x7F, 0x00, 0x7F,
  0xFE, 0x01, 0xFC, 0x01, 0xFF, 0xF8, 0x07, 0xF0, 0x07, 0xFF, 0xE0, 0x1F,
  0xC0, 0x1F, 0xC0, 0xFC, 0x07, 0xFF, 0x80, 0x7F, 0x0F, 0xFF, 0xF0, 0x3F,
  0x8F, 0xFF, 0xFE, 0x1F, 0xDF, 0xFF, 0xFF, 0x8F, 0xEF, 0xFF, 0xFF, 0xE7,
  0xFF, 0xFF, 0xFF, 0xF3, 0xFF, 0xFC, 0x7F, 0xFD, 0xFF, 0xF0, 0x07, 0xFE,
  0xFF, 0xE0, 0x00, 0xFF, 0xFF, 0xE0, 0x00, 0x7F, 0xFF, 0xF0, 0x00, 0x1F,
  0xFF, 0xF0, 0x00, 0x0F, 0xFF, 0xF8, 0x00, 0x07, 0xFF, 0xF8, 0x00, 0x03,
  0xFF, 0xFC, 0x00, 0x01, 0xFF, 0xFE, 0x00, 0x00, 0xFF, 0xFF, 0x00, 0x00,
  0x7F, 0xFF, 0x80, 0x00, 0x3F, 0xFF, 0xC0, 0x00, 0x1F, 0xFF, 0xE0, 0x00,
  0x0F, 0xFF, 0xF0, 0x00, 0x07, 0xFF, 0xF8, 0x00, 0x03, 0xFF, 0xFC, 0x00,
  0x01, 0xFF, 0xFE, 0x00, 0x00, 0xFF, 0xFF, 0x00, 0x00, 0x7F, 0xFF, 0x80,
  0x00, 0x3F, 0xFF, 0xC0, 0x00, 0x1F, 0xFF, 0xE0, 0x00, 0x0F, 0xFF, 0xF0,
  0x00, 0x07, 0xFF, 0xF8, 0x00, 0x03, 0xFF, 0xFC, 0x00, 0x01, 0xFF, 0xFE,
  0x00, 0x00, 0xFF, 0xFF, 0x00, 0x00, 0x7F, 0xFF, 0x80, 0x00, 0x3F, 0xFF,
  0xC0, 0x00, 0x1F, 0xFF, 0xE0, 0x00, 0x0F, 0xFF, 0xF0, 0x00, 0x07, 0xFF,
  0xF8, 0x00, 0x03, 0xFF, 0xFC, 0x00, 0x01, 0xFE, 0x00, 0x07, 0xFF, 0x00,
  0x00, 0x01, 0xFF, 0xFF, 0x00, 0x00, 0x3F, 0xFF, 0xFE, 0x00, 0x03, 0xFF,
  0xFF, 0xF8, 0x00, 0x3F, 0xFF, 0xFF, 0xE0, 0x03, 0xFF, 0xFF, 0xFF, 0x80,
  0x3F, 0xFE, 0x3F, 0xFE, 0x03, 0xFF, 0x00, 0x1F, 0xF8, 0x1F, 0xF0, 0x00,
  0x7F, 0xC1, 0xFF, 0x00, 0x01, 0xFF, 0x0F, 0xF0, 0x00, 0x07, 0xF8, 0x7F,
  0x80, 0x00, 0x3F, 0xE7, 0xF8, 0x00, 0x00, 0xFF, 0x3F, 0xC0, 0x00, 0x07,
  0xF9, 0xFE, 0x00, 0x00, 0x3F, 0xCF, 0xF0, 0x00, 0x01, 0xFF, 0xFF, 0x80,
  0x00, 0x07, 0xFF, 0xF8, 0x00, 0x00, 0x3F, 0xFF, 0xC0, 0x00, 0x01, 0xFF,
  0xFE, 0x00, 0x00, 0x0F, 0xFF, 0xF0, 0x00, 0x00, 0x7F, 0xFF, 0x80, 0x00,
  0x03, 0xFF, 0xFC, 0x00, 0x00, 0x1F, 0xEF, 0xF0, 0x00, 0x00, 0xFF, 0x7F,
  0x80, 0x00, 0x0F, 0xF3, 0xFC, 0x00, 0x00, 0x7F, 0x9F, 0xE0, 0x00, 0x03,
  0xFC, 0xFF, 0x80, 0x00, 0x3F, 0xE3, 0xFC, 0x00, 0x01, 0xFE, 0x1F, 0xF0,
  0x00, 0x1F, 0xF0, 0x7F, 0xC0, 0x00, 0xFF, 0x03, 0xFF, 0x00, 0x1F, 0xF8,
  0x0F, 0xFE, 0x03, 0xFF, 0x80, 0x3F, 0xFF, 0xFF, 0xF8, 0x00, 0xFF, 0xFF,
  0xFF, 0xC0, 0x03, 0xFF, 0xFF, 0xFC, 0x00, 0x0F, 0xFF, 0xFF, 0x80, 0x00,
  0x3F, 0xFF, 0xF8, 0x00, 0x00, 0x3F, 0xFE, 0x00, 0x00, 0x00, 0x3F, 0x00,
  0x00, 0xFC, 0x07, 0xFF, 0x00, 0x3F, 0x07, 0xFF, 0xF0, 0x0F, 0xE7, 0xFF,
  0xFE, 0x03, 0xFB, 0xFF, 0xFF, 0xE0, 0xFF, 0xFF, 0xFF, 0xF8, 0x3F, 0xFF,
  0xFF, 0xFF, 0x0F, 0xFF, 0xF3, 0xFF, 0xE3, 0xFF, 0xC0, 0x0F, 0xFC, 0xFF,
  0xC0, 0x01, 0xFF, 0x3F, 0xF0, 0x00, 0x3F, 0xCF, 0xF8, 0x00, 0x0F, 0xFB,
  0xFE, 0x00, 0x01, 0xFE, 0xFF, 0x00, 0x00, 0x7F, 0xBF, 0xC0, 0x00, 0x1F,
  0xFF, 0xF0, 0x00, 0x03, 0xFF, 0xFC, 0x00, 0x00, 0xFF, 0xFF, 0x00, 0x00,
  0x3F, 0xFF, 0xC0, 0x00, 0x0F, 0xFF, 0xF0, 0x00, 0x03, 0xFF, 0xFC, 0x00,
  0x00, 0xFF, 0xFF, 0x00, 0x00, 0x3F, 0xFF, 0xC0, 0x00, 0x0F, 0xFF, 0xF0,
  0x00, 0x03, 0xFF, 0xFC, 0x00, 0x00, 0xFF, 0xFF, 0x00, 0x00, 0x3F, 0xFF,
  0xC0, 0x00, 0x1F, 0xFF, 0xF0, 0x00, 0x07, 0xFB, 0xFE, 0x00, 0x01, 0xFE,
  0xFF, 0x80, 0x00, 0xFF, 0xBF, 0xF0, 0x00, 0x3F, 0xEF, 0xFC, 0x00, 0x1F,
  0xF3, 0xFF, 0xC0, 0x0F, 0xFC, 0xFF, 0xFC, 0x0F, 0xFE, 0x3F, 0xFF, 0xFF,
  0xFF, 0x0F, 0xFF, 0xFF, 0xFF, 0xC3, 0xFB, 0xFF, 0xFF, 0xE0, 0xFF, 0x7F,
  0xFF, 0xF0, 0x3F, 0xCF, 0xFF, 0xF0, 0x0F, 0xF0, 0xFF, 0xF8, 0x03, 0xFC,
  0x07, 0xE0, 0x00, 0xFF, 0x00, 0x00, 0x00, 0x3F, 0xC0, 0x00, 0x00, 0x0F,
  0xF0, 0x00, 0x00, 0x03, 0xFC, 0x00, 0x00, 0x00, 0xFF, 0x00, 0x00, 0x00,
  0x3F, 0xC0, 0x00, 0x00, 0x0F, 0xF0, 0x00, 0x00, 0x03, 0xFC, 0x00, 0x00,
  0x00, 0xFF, 0x00, 0x00, 0x00, 0x3F, 0xC0, 0x00, 0x00, 0x0F, 0xF0, 0x00,
  0x00, 0x03, 0xFC, 0x00, 0x00, 0x00, 0xFF, 0x00, 0x00, 0x00, 0x3F, 0xC0,
  0x00, 0x00, 0x0F, 0xF0, 0x00, 0x00, 0x03, 0xFC, 0x00, 0x00, 0x00, 0x00,
  0x1F, 0xF8, 0x0F, 0xC0, 0x3F, 0xFF, 0x83, 0xF0, 0x1F, 0xFF, 0xF8, 0xFC,
  0x0F, 0xFF, 0xFF, 0x7F, 0x07, 0xFF, 0xFF, 0xFF, 0xC3, 0xFF, 0xFF, 0xFF,
  0xF1, 0xFF, 0xE1, 0xFF, 0xFC, 0x7F, 0xE0, 0x0F, 0xFF, 0x3F, 0xE0, 0x01,
  0xFF, 0xCF, 0xF8, 0x00, 0x3F, 0xF7, 0xFC, 0x00, 0x07, 0xFD, 0xFE, 0x00,
  0x01, 0xFF, 0x7F, 0x80, 0x00, 0x3F, 0xDF, 0xE0, 0x00, 0x0F, 0xFF, 0xF8,
  0x00, 0x03, 0xFF, 0xFC, 0x00, 0x00, 0xFF, 0xFF, 0x00, 0x00, 0x3F, 0xFF,
  0xC0, 0x00, 0x0F, 0xFF, 0xF0, 0x00, 0x01, 0xFF, 0xFC, 0x00, 0x00, 0x7F,
  0xFF, 0x00, 0x00, 0x1F, 0xFF, 0xC0, 0x00, 0x07, 0xFF, 0xF0, 0x00, 0x03,
  0xFF, 0xFC, 0x00, 0x00, 0xFF, 0xFF, 0x80, 0x00, 0x3F, 0xDF, 0xE0, 0x00,
  0x0F, 0xF7, 0xF8, 0x00, 0x03, 0xFD, 0xFE, 0x00, 0x00, 0xFF, 0x7F, 0xC0,
  0x00, 0x7F, 0xCF, 0xF0, 0x00, 0x1F, 0xF3, 0xFE, 0x00, 0x0F, 0xFC, 0xFF,
  0xC0, 0x07, 0xFF, 0x1F, 0xFC, 0x07, 0xFF, 0xC3, 0xFF, 0xFF, 0xFF, 0xF0,
  0xFF, 0xFF, 0xFF, 0xFC, 0x1F, 0xFF, 0xFF, 0x7F, 0x03, 0xFF, 0xFF, 0x9F,
  0xC0, 0x3F, 0xFF, 0xC7, 0xF0, 0x03, 0xFF, 0xC1, 0xFC, 0x00, 0x1F, 0x00,
  0x7F, 0x00, 0x00, 0x00, 0x1F, 0xC0, 0x00, 0x00, 0x07, 0xF0, 0x00, 0x00,
  0x01, 0xFC, 0x00, 0x00, 0x00, 0x7F, 0x00, 0x00, 0x00, 0x1F, 0xC0, 0x00,
  0x00, 0x07, 0xF0, 0x00, 0x00, 0x01, 0xFC, 0x00, 0x00, 0x00, 0x7F, 0x00,
  0x00, 0x00, 0x1F, 0xC0, 0x00, 0x00, 0x07, 0xF0, 0x00, 0x00, 0x01, 0xFC,
  0x00, 0x00, 0x00, 0x7F, 0x00, 0x00, 0x00, 0x1F, 0xC0, 0x00, 0x00, 0x07,
  0xF0, 0x00, 0x00, 0x01, 0xFC, 0x00, 0x00, 0x00, 0x7F, 0xFC, 0x03, 0xFF,
  0xC7, 0xE0, 0x7F, 0xFF, 0xFF, 0x07, 0xFF, 0xFF, 0xF8, 0xFF, 0xFF, 0xFF,
  0xEF, 0xFF, 0xFF, 0x7F, 0x7F, 0xFF, 0xFB, 0xFF, 0xFF, 0xFF, 0xDF, 0xFF,
  0xC0, 0x3C, 0xFF, 0xF0, 0x00, 0x27, 0xFF, 0x00, 0x00, 0x3F, 0xF0, 0x00,
  0x01, 0xFF, 0x00, 0x00, 0x0F, 0xF0, 0x00, 0x00, 0x7F, 0x80, 0x00, 0x03,
  0xFC, 0x00, 0x00, 0x1F, 0xE0, 0x00, 0x00, 0xFE, 0x00, 0x00, 0x07, 0xF0,
  0x00, 0x00, 0x3F, 0x80, 0x00, 0x01, 0xFC, 0x00, 0x00, 0x0F, 0xE0, 0x00,
  0x00, 0x7F, 0x00, 0x00, 0x03, 0xF8, 0x00, 0x00, 0x1F, 0xC0, 0x00, 0x00,
  0xFE, 0x00, 0x00, 0x07, 0xF0, 0x00, 0x00, 0x3F, 0x80, 0x00, 0x01, 0xFC,
  0x00, 0x00, 0x0F, 0xE0, 0x00, 0x00, 0x7F, 0x00, 0x00, 0x03, 0xF8, 0x00,
  0x00, 0x1F, 0xC0, 0x00, 0x00, 0xFE, 0x00, 0x00, 0x07, 0xF0, 0x00, 0x00,
  0x3F, 0x80, 0x00, 0x01, 0xFC, 0x00, 0x00, 0x0F, 0xE0, 0x00, 0x00, 0x7F,
  0x00, 0x00, 0x03, 0xF8, 0x00, 0x00, 0x00, 0x00, 0x3F, 0xFF, 0x00, 0x03,
  0xFF, 0xFF, 0xE0, 0x1F, 0xFF, 0xFF, 0xF0, 0x7F, 0xFF, 0xFF, 0xE1, 0xFF,
  0xFF, 0xFF, 0xC7, 0xFF, 0xFF, 0xFF, 0x0F, 0xFF, 0x0F, 0xFE, 0x3F, 0xE0,
  0x00, 0xF8, 0x7F, 0x80, 0x00, 0x30, 0xFF, 0x00, 0x00, 0x01, 0xFE, 0x00,
  0x00, 0x03, 0xFC, 0x00, 0x00, 0x07, 0xF8, 0x00, 0x00, 0x07, 0xFC, 0x00,
  0x00, 0x0F, 0xFE, 0x00, 0x00, 0x0F, 0xFF, 0x80, 0x00, 0x1F, 0xFF, 0xE0,
  0x00, 0x1F, 0xFF, 0xF0, 0x00, 0x0F, 0xFF, 0xF8, 0x00, 0x07, 0xFF, 0xFC,
  0x00, 0x03, 0xFF, 0xFE, 0x00, 0x01, 0xFF, 0xFE, 0x00, 0x00, 0x7F, 0xFE,
  0x00, 0x00, 0x1F, 0xFE, 0x00, 0x00, 0x0F, 0xFC, 0x00, 0x00, 0x07, 0xF8,
  0x00, 0x00, 0x07, 0xF8, 0x00, 0x00, 0x0F, 0xF0, 0x00, 0x00, 0x1F, 0xE0,
  0x00, 0x00, 0x3F, 0xF0, 0x00, 0x00, 0xFF, 0xFC, 0x00, 0x03, 0xFE, 0xFF,
  0x80, 0x1F, 0xFD, 0xFF, 0xFF, 0xFF, 0xF3, 0xFF, 0xFF, 0xFF, 0xE7, 0xFF,
  0xFF, 0xFF, 0x8F, 0xFF, 0xFF, 0xFE, 0x0F, 0xFF, 0xFF, 0xF0, 0x03, 0xFF,
  0xFF, 0x80, 0x00, 0x3F, 0xE0, 0x00, 0x00, 0x0F, 0x80, 0x00, 0x00, 0x07,
  0xC0, 0x00, 0x00, 0x03, 0xE0, 0x00, 0x00, 0x01, 0xF0, 0x00, 0x00, 0x01,
  0xF8, 0x00, 0x00, 0x00, 0xFC, 0x00, 0x00, 0x00, 0x7E, 0x00, 0x00, 0x00,
  0x3F, 0x00, 0x00, 0x00, 0x3F, 0x80, 0x00, 0x00, 0x1F, 0xC0, 0x00, 0x00,
  0x1F, 0xFF, 0xFF, 0xE0, 0xFF, 0xFF, 0xFF, 0xFF, 0xFF, 0xFF, 0xFF, 0xFF,
  0xFF, 0xFF, 0xFF, 0xFF, 0xFF, 0xFF, 0xFF, 0xFF, 0xFF, 0xFF, 0xFF, 0xFF,
  0xFF, 0xFF, 0xFF, 0xFF, 0x80, 0x1F, 0xC0, 0x00, 0x00, 0x0F, 0xE0, 0x00,
  0x00, 0x07, 0xF0, 0x00, 0x00, 0x03, 0xF8, 0x00, 0x00, 0x01, 0xFC, 0x00,
  0x00, 0x00, 0xFE, 0x00, 0x00, 0x00, 0x7F, 0x00, 0x00, 0x00, 0x3F, 0x80,
  0x00, 0x00, 0x1F, 0xC0, 0x00, 0x00, 0x0F, 0xE0, 0x00, 0x00, 0x07, 0xF0,
  0x00, 0x00, 0x03, 0xF8, 0x00, 0x00, 0x01, 0xFC, 0x00, 0x00, 0x00, 0xFE,
  0x00, 0x00, 0x00, 0x7F, 0x00, 0x00, 0x00, 0x3F, 0x80, 0x00, 0x00, 0x1F,
  0xC0, 0x00, 0x00, 0x0F, 0xE0, 0x00, 0x00, 0x07, 0xF0, 0x00, 0x00, 0x03,
  0xF8, 0x00, 0x00, 0x01, 0xFC, 0x00, 0x00, 0x00, 0xFE, 0x00, 0x00, 0x00,
  0x7F, 0x80, 0x00, 0x00, 0x3F, 0xC0, 0x00, 0x00, 0x1F, 0xF0, 0x00, 0x00,
  0x0F, 0xFC, 0x00, 0xE0, 0x03, 0xFF, 0xFF, 0xF0, 0x01, 0xFF, 0xFF, 0xF8,
  0x00, 0x7F, 0xFF, 0xFC, 0x00, 0x1F, 0xFF, 0xFE, 0x00, 0x07, 0xFF, 0xFF,
  0x00, 0x00, 0xFF, 0xFF, 0x00, 0x00, 0x07, 0xF0, 0x00, 0xFF, 0x00, 0x00,
  0x7F, 0xFF, 0x80, 0x00, 0x3F, 0xFF, 0xC0, 0x00, 0x1F, 0xFF, 0xE0, 0x00,
  0x0F, 0xFF, 0xF0, 0x00, 0x07, 0xFF, 0xF8, 0x00, 0x03, 0xFF, 0xFC, 0x00,
  0x01, 0xFF, 0xFE, 0x00, 0x00, 0xFF, 0xFF, 0x00, 0x00, 0x7F, 0xFF, 0x80,
  0x00, 0x3F, 0xFF, 0xC0, 0x00, 0x1F, 0xFF, 0xE0, 0x00, 0x0F, 0xFF, 0xF0,
  0x00, 0x07, 0xFF, 0xF8, 0x00, 0x03, 0xFF, 0xFC, 0x00, 0x01, 0xFF, 0xFE,
  0x00, 0x00, 0xFF, 0xFF, 0x00, 0x00, 0x7F, 0xFF, 0x80, 0x00, 0x3F, 0xFF,
  0xC0, 0x00, 0x1F, 0xFF, 0xE0, 0x00, 0x0F, 0xFF, 0xF0, 0x00, 0x07, 0xFF,
  0xF8, 0x00, 0x03, 0xFF, 0xFC, 0x00, 0x01, 0xFF, 0xFE, 0x00, 0x00, 0xFF,
  0xFF, 0x00, 0x00, 0x7F, 0xFF, 0x80, 0x00, 0x3F, 0xFF, 0xC0, 0x00, 0x1F,
  0xFF, 0xE0, 0x00, 0x1F, 0xFF, 0xF0, 0x00, 0x0F, 0xFF, 0xFC, 0x00, 0x0F,
  0xFF, 0xFE, 0x00, 0x07, 0xFE, 0xFF, 0x80, 0x0F, 0xFF, 0x7F, 0xF0, 0x1F,
  0xFF, 0x9F, 0xFF, 0xFF, 0xFF, 0xCF, 0xFF, 0xFF, 0xFF, 0xE3, 0xFF, 0xFF,
  0xF7, 0xF0, 0xFF, 0xFF, 0xF3, 0xF8, 0x3F, 0xFF, 0xF0, 0xFC, 0x07, 0xFF,
  0xE0, 0x7E, 0x00, 0x3F, 0x00, 0x00, 0x81, 0x00, 0x00, 0x01, 0x01, 0xFE,
  0x00, 0x00, 0x03, 0xFD, 0xFE, 0x00, 0x00, 0x0F, 0xF3, 0xFC, 0x00, 0x00,
  0x1F, 0xE7, 0xF8, 0x00, 0x00, 0x3F, 0xC7, 0xF8, 0x00, 0x00, 0xFF, 0x0F,
  0xF0, 0x00, 0x01, 0xFE, 0x0F, 0xE0, 0x00, 0x03, 0xF8, 0x1F, 0xE0, 0x00,
  0x0F, 0xF0, 0x3F, 0xC0, 0x00, 0x1F, 0xE0, 0x3F, 0xC0, 0x00, 0x3F, 0x80,
  0x7F, 0x80, 0x00, 0xFF, 0x00, 0x7F, 0x00, 0x01, 0xFE, 0x00, 0xFF, 0x00,
  0x07, 0xF8, 0x01, 0xFE, 0x00, 0x0F, 0xF0, 0x01, 0xFC, 0x00, 0x1F, 0xC0,
  0x03, 0xFC, 0x00, 0x7F, 0x80, 0x03, 0xF8, 0x00, 0xFF, 0x00, 0x07, 0xF8,
  0x01, 0xFC, 0x00, 0x0F, 0xF0, 0x07, 0xF8, 0x00, 0x0F, 0xE0, 0x0F, 0xE0,
  0x00, 0x1F, 0xE0, 0x3F, 0xC0, 0x00, 0x3F, 0xC0, 0x7F, 0x80, 0x00, 0x3F,
  0x80, 0xFE, 0x00, 0x00, 0x7F, 0x83, 0xFC, 0x00, 0x00, 0x7F, 0x07, 0xF0,
  0x00, 0x00, 0xFF, 0x0F, 0xE0, 0x00, 0x01, 0xFE, 0x3F, 0xC0, 0x00, 0x01,
  0xFC, 0x7F, 0x00, 0x00, 0x03, 0xFC, 0xFE, 0x00, 0x00, 0x03, 0xFB, 0xF8,
  0x00, 0x00, 0x07, 0xF7, 0xF0, 0x00, 0x00, 0x0F, 0xFF, 0xE0, 0x00, 0x00,
  0x0F, 0xFF, 0x80, 0x00, 0x00, 0x1F, 0xFF, 0x00, 0x00, 0x00, 0x1F, 0xFC,
  0x00, 0x00, 0x00, 0x3F, 0xF8, 0x00, 0x00, 0x00, 0x7F, 0xF0, 0x00, 0x00,
  0x00, 0x7F, 0xC0, 0x00, 0x00, 0x80, 0x00, 0x10, 0x20, 0x02, 0x07, 0xF0,
  0x01, 0xFF, 0x00, 0x1F, 0xFF, 0xC0, 0x0F, 0xF8, 0x00, 0xFE, 0xFE, 0x00,
  0x7F, 0xC0, 0x07, 0xF7, 0xF0, 0x03, 0xFE, 0x00, 0x7F, 0x3F, 0x80, 0x1F,
  0xF8, 0x03, 0xF9, 0xFC, 0x01, 0xFF, 0xC0, 0x1F, 0xCF, 0xE0, 0x0F, 0xFE,
  0x00, 0xFE, 0x3F, 0x80, 0x7F, 0xF0, 0x07, 0xE1, 0xFC, 0x03, 0xEF, 0xC0,
  0x7F, 0x0F, 0xE0, 0x3F, 0x7E, 0x03, 0xF8, 0x7F, 0x01, 0xFB, 0xF0, 0x1F,
  0xC1, 0xF8, 0x0F, 0xDF, 0x80, 0xFE, 0x0F, 0xC0, 0x7E, 0xFC, 0x07, 0xE0,
  0x7F, 0x03, 0xE3, 0xF0, 0x3F, 0x03, 0xF8, 0x3F, 0x1F, 0x83, 0xF8, 0x1F,
  0xC1, 0xF8, 0xFC, 0x1F, 0xC0, 0x7E, 0x0F, 0xC7, 0xE0, 0xFE, 0x03, 0xF0,
  0x7E, 0x3F, 0x87, 0xE0, 0x1F, 0xC7, 0xE0, 0xFC, 0x3F, 0x00, 0xFE, 0x3F,
  0x07, 0xE3, 0xF8, 0x07, 0xF1, 0xF8, 0x3F, 0x1F, 0xC0, 0x1F, 0x8F, 0xC1,
  0xFC, 0xFC, 0x00, 0xFC, 0xFC, 0x07, 0xE7, 0xE0, 0x07, 0xE7, 0xE0, 0x3F,
  0x3F, 0x00, 0x3F, 0xBF, 0x01, 0xF9, 0xF8, 0x01, 0xFD, 0xF8, 0x0F, 0xDF,
  0xC0, 0x07, 0xEF, 0x80, 0x3E, 0xFC, 0x00, 0x3F, 0xFC, 0x01, 0xFF, 0xE0,
  0x01, 0xFF, 0xE0, 0x0F, 0xFF, 0x00, 0x0F, 0xFF, 0x00, 0x7F, 0xF8, 0x00,
  0x3F, 0xF8, 0x03, 0xFF, 0xC0, 0x01, 0xFF, 0x80, 0x0F, 0xFC, 0x00, 0x0F,
  0xFC, 0x00, 0x7F, 0xE0, 0x00, 0x7F, 0xE0, 0x03, 0xFF, 0x00, 0x03, 0xFF,
  0x00, 0x1F, 0xF8, 0x00, 0x0F, 0xF0, 0x00, 0xFF, 0xC0, 0x00, 0x7F, 0x80,
  0x03, 0xFC, 0x00, 0x03, 0xFC, 0x00, 0x1F, 0xE0, 0x00, 0x7F, 0xC0, 0x00,
  0x07, 0xFC, 0xFF, 0x80, 0x00, 0x0F, 0xF8, 0xFF, 0x80, 0x00, 0x3F, 0xE0,
  0xFF, 0x80, 0x00, 0xFF, 0x80, 0xFF, 0x00, 0x01, 0xFE, 0x01, 0xFF, 0x00,
  0x07, 0xFC, 0x01, 0xFF, 0x00, 0x1F, 0xF0, 0x01, 0xFF, 0x00, 0x3F, 0xC0,
  0x01, 0xFE, 0x00, 0xFF, 0x00, 0x03, 0xFE, 0x03, 0xFE, 0x00, 0x03, 0xFE,
  0x0F, 0xF8, 0x00, 0x03, 0xFC, 0x1F, 0xE0, 0x00, 0x03, 0xFC, 0x7F, 0x80,
  0x00, 0x03, 0xFD, 0xFF, 0x00, 0x00, 0x07, 0xFF, 0xFC, 0x00, 0x00, 0x07,
  0xFF, 0xF0, 0x00, 0x00, 0x07, 0xFF, 0xC0, 0x00, 0x00, 0x07, 0xFF, 0x80,
  0x00, 0x00, 0x0F, 0xFE, 0x00, 0x00, 0x00, 0x0F, 0xF8, 0x00, 0x00, 0x00,
  0x3F, 0xF8, 0x00, 0x00, 0x00, 0xFF, 0xF8, 0x00, 0x00, 0x03, 0xFF, 0xF8,
  0x00, 0x00, 0x07, 0xFF, 0xF0, 0x00, 0x00, 0x1F, 0xEF, 0xF0, 0x00, 0x00,
  0x7F, 0xCF, 0xF0, 0x00, 0x01, 0xFF, 0x1F, 0xF0, 0x00, 0x03, 0xFC, 0x1F,
  0xF0, 0x00, 0x0F, 0xF0, 0x1F, 0xE0, 0x00, 0x3F, 0xE0, 0x1F, 0xE0, 0x00,
  0xFF, 0x80, 0x3F, 0xE0, 0x01, 0xFE, 0x00, 0x3F, 0xE0, 0x07, 0xF8, 0x00,
  0x3F, 0xC0, 0x1F, 0xF0, 0x00, 0x7F, 0xC0, 0x7F, 0xC0, 0x00, 0x7F, 0xC0,
  0xFF, 0x00, 0x00, 0x7F, 0xC3, 0xFE, 0x00, 0x00, 0xFF, 0x8F, 0xF8, 0x00,
  0x00, 0xFF, 0xBF, 0xE0, 0x00, 0x00, 0xFF, 0x80, 0x81, 0x00, 0x00, 0x01,
  0x01, 0xFE, 0x00, 0x00, 0x03, 0xFD, 0xFE, 0x00, 0x00, 0x0F, 0xF3, 0xFC,
  0x00, 0x00, 0x1F, 0xE3, 0xFC, 0x00, 0x00, 0x3F, 0xC7, 0xF8, 0x00, 0x00,
  0xFF, 0x0F, 0xF0, 0x00, 0x01, 0xFE, 0x0F, 0xF0, 0x00, 0x03, 0xFC, 0x1F,
  0xE0, 0x00, 0x0F, 0xF0, 0x1F, 0xE0, 0x00, 0x1F, 0xE0, 0x3F, 0xC0, 0x00,
  0x7F, 0x80, 0x3F, 0x80, 0x00, 0xFF, 0x00, 0x7F, 0x80, 0x01, 0xFC, 0x00,
  0xFF, 0x00, 0x07, 0xF8, 0x00, 0xFE, 0x00, 0x0F, 0xF0, 0x01, 0xFE, 0x00,
  0x1F, 0xC0, 0x01, 0xFC, 0x00, 0x7F, 0x80, 0x03, 0xFC, 0x00, 0xFE, 0x00,
  0x03, 0xF8, 0x03, 0xFC, 0x00, 0x07, 0xF8, 0x07, 0xF8, 0x00, 0x0F, 0xF0,
  0x0F, 0xE0, 0x00, 0x0F, 0xE0, 0x3F, 0xC0, 0x00, 0x1F, 0xE0, 0x7F, 0x80,
  0x00, 0x1F, 0xC0, 0xFE, 0x00, 0x00, 0x3F, 0xC3, 0xFC, 0x00, 0x00, 0x3F,
  0x87, 0xF0, 0x00, 0x00, 0x7F, 0x0F, 0xE0, 0x00, 0x00, 0xFF, 0x3F, 0xC0,
  0x00, 0x00, 0xFE, 0x7F, 0x00, 0x00, 0x01, 0xFC, 0xFE, 0x00, 0x00, 0x01,
  0xFF, 0xF8, 0x00, 0x00, 0x03, 0xFF, 0xF0, 0x00, 0x00, 0x03, 0xFF, 0xE0,
  0x00, 0x00, 0x07, 0xFF, 0x80, 0x00, 0x00, 0x0F, 0xFF, 0x00, 0x00, 0x00,
  0x0F, 0xFC, 0x00, 0x00, 0x00, 0x1F, 0xF8, 0x00, 0x00, 0x00, 0x1F, 0xF0,
  0x00, 0x00, 0x00, 0x3F, 0xC0, 0x00, 0x00, 0x00, 0x7F, 0x80, 0x00, 0x00,
  0x01, 0xFE, 0x00, 0x00, 0x00, 0x03, 0xFC, 0x00, 0x00, 0x00, 0x07, 0xF8,
  0x00, 0x00, 0x00, 0x1F, 0xE0, 0x00, 0x00, 0x00, 0x3F, 0xC0, 0x00, 0x00,
  0x00, 0xFF, 0x00, 0x00, 0x00, 0x01, 0xFE, 0x00, 0x00, 0x00, 0x07, 0xF8,
  0x00, 0x00, 0x00, 0x1F, 0xF0, 0x00, 0x00, 0xE1, 0xFF, 0xC0, 0x00, 0x01,
  0xFF, 0xFF, 0x80, 0x00, 0x03, 0xFF, 0xFE, 0x00, 0x00, 0x07, 0xFF, 0xF8,
  0x00, 0x00, 0x0F, 0xFF, 0xE0, 0x00, 0x00, 0x1F, 0xFF, 0x80, 0x00, 0x00,
  0x3F, 0xF8, 0x00, 0x00, 0x00, 0x7F, 0xFF, 0xFF, 0xFE, 0xFF, 0xFF, 0xFF,
  0xFD, 0xFF, 0xFF, 0xFF, 0xFB, 0xFF, 0xFF, 0xFF, 0xF7, 0xFF, 0xFF, 0xFF,
  0xEF, 0xFF, 0xFF, 0xFF, 0xDF, 0xFF, 0xFF, 0xFF, 0x80, 0x00, 0x03, 0xFE,
  0x00, 0x00, 0x07, 0xF8, 0x00, 0x00, 0x1F, 0xE0, 0x00, 0x00, 0x7F, 0x80,
  0x00, 0x01, 0xFE, 0x00, 0x00, 0x07, 0xFC, 0x00, 0x00, 0x0F, 0xF0, 0x00,
  0x00, 0x3F, 0xC0, 0x00, 0x00, 0xFF, 0x00, 0x00, 0x03, 0xFC, 0x00, 0x00,
  0x0F, 0xF0, 0x00, 0x00, 0x3F, 0xE0, 0x00, 0x00, 0x7F, 0x80, 0x00, 0x01,
  0xFE, 0x00, 0x00, 0x07, 0xF8, 0x00, 0x00, 0x1F, 0xE0, 0x00, 0x00, 0x7F,
  0x80, 0x00, 0x01, 0xFF, 0x00, 0x00, 0x03, 0xFC, 0x00, 0x00, 0x0F, 0xF0,
  0x00, 0x00, 0x3F, 0xC0, 0x00, 0x00, 0xFF, 0x00, 0x00, 0x03, 0xFE, 0x00,
  0x00, 0x0F, 0xF8, 0x00, 0x00, 0x1F, 0xE0, 0x00, 0x00, 0x7F, 0x80, 0x00,
  0x01, 0xFF, 0xFF, 0xFF, 0xFF, 0xFF, 0xFF, 0xFF, 0xFF, 0xFF, 0xFF, 0xFF,
  0xFF, 0xFF, 0xFF, 0xFF, 0xFF, 0xFF, 0xFF, 0xFF, 0xFF, 0xFF, 0xFF, 0xFF,
  0x80, 0x00, 0x00, 0x07, 0xF8, 0x00, 0x01, 0xFF, 0xC0, 0x00, 0x3F, 0xFE,
  0x00, 0x03, 0xFF, 0xF0, 0x00, 0x3F, 0xFF, 0x80, 0x03, 0xFF, 0xFC, 0x00,
  0x1F, 0xFC, 0x00, 0x01, 0xFF, 0x00, 0x00, 0x0F, 0xF0, 0x00, 0x00, 0x7F,
  0x80, 0x00, 0x03, 0xFC, 0x00, 0x00, 0x1F, 0xE0, 0x00, 0x00, 0xFF, 0x00,
  0x00, 0x07, 0xF8, 0x00, 0x00, 0x3F, 0xC0, 0x00, 0x01, 0xFE, 0x00, 0x00,
  0x0F, 0xF0, 0x00, 0x00, 0x7F, 0x80, 0x00, 0x03, 0xFC, 0x00, 0x00, 0x1F,
  0xE0, 0x00, 0x00, 0xFF, 0x00, 0x00, 0x07, 0xF8, 0x00, 0x00, 0x3F, 0xC0,
  0x00, 0x01, 0xFE, 0x00, 0x00, 0x1F, 0xF0, 0x00, 0x01, 0xFF, 0x00, 0x00,
  0x3F, 0xF8, 0x00, 0x3F, 0xFF, 0x80, 0x0F, 0xFF, 0xFC, 0x00, 0x7F, 0xFF,
  0x80, 0x03, 0xFF, 0xF0, 0x00, 0x1F, 0xFF, 0xC0, 0x00, 0xFF, 0xFF, 0x00,
  0x07, 0xFF, 0xFE, 0x00, 0x07, 0xFF, 0xF0, 0x00, 0x01, 0xFF, 0xC0, 0x00,
  0x03, 0xFE, 0x00, 0x00, 0x0F, 0xF8, 0x00, 0x00, 0x3F, 0xC0, 0x00, 0x01,
  0xFE, 0x00, 0x00, 0x0F, 0xF0, 0x00, 0x00, 0x7F, 0x80, 0x00, 0x03, 0xFC,
  0x00, 0x00, 0x1F, 0xE0, 0x00, 0x00, 0xFF, 0x00, 0x00, 0x07, 0xF8, 0x00,
  0x00, 0x3F, 0xC0, 0x00, 0x01, 0xFE, 0x00, 0x00, 0x0F, 0xF0, 0x00, 0x00,
  0x7F, 0x80, 0x00, 0x03, 0xFC, 0x00, 0x00, 0x1F, 0xE0, 0x00, 0x00, 0xFF,
  0x00, 0x00, 0x07, 0xF8, 0x00, 0x00, 0x3F, 0xE0, 0x00, 0x00, 0xFF, 0xE0,
  0x00, 0x07, 0xFF, 0xF8, 0x00, 0x1F, 0xFF, 0xC0, 0x00, 0x7F, 0xFE, 0x00,
  0x01, 0xFF, 0xF0, 0x00, 0x03, 0xFF, 0x80, 0x00, 0x03, 0xFC, 0xFF, 0xFF,
  0xFF, 0xFF, 0xFF, 0xFF, 0xFF, 0xFF, 0xFF, 0xFF, 0xFF, 0xFF, 0xFF, 0xFF,
  0xFF, 0xFF, 0xFF, 0xFF, 0xFF, 0xFF, 0xFF, 0xFF, 0xFF, 0xFF, 0xFF, 0xFF,
  0xFF, 0xFF, 0xFF, 0xFF, 0xFF, 0xFF, 0xFF, 0xFF, 0xFF, 0xFF, 0xFF, 0xFF,
  0xFF, 0xFF, 0xFF, 0xFF, 0xFF, 0xFF, 0xFF, 0xFF, 0xFF, 0xFF, 0xFF, 0xFF,
  0xFF, 0xFF, 0xFF, 0xFF, 0xFF, 0xFF, 0xFF, 0xFF, 0xFF, 0xFF, 0xFF, 0xFF,
  0xFF, 0xFF, 0x80, 0x00, 0x07, 0xFF, 0x00, 0x00, 0x3F, 0xFE, 0x00, 0x01,
  0xFF, 0xF8, 0x00, 0x0F, 0xFF, 0xE0, 0x00, 0x7F, 0xFF, 0x80, 0x00, 0x1F,
  0xFC, 0x00, 0x00, 0x1F, 0xF0, 0x00, 0x00, 0x7F, 0x80, 0x00, 0x03, 0xFC,
  0x00, 0x00, 0x1F, 0xE0, 0x00, 0x00, 0xFF, 0x00, 0x00, 0x07, 0xF8, 0x00,
  0x00, 0x3F, 0xC0, 0x00, 0x01, 0xFE, 0x00, 0x00, 0x0F, 0xF0, 0x00, 0x00,
  0x7F, 0x80, 0x00, 0x03, 0xFC, 0x00, 0x00, 0x1F, 0xE0, 0x00, 0x00, 0xFF,
  0x00, 0x00, 0x07, 0xF8, 0x00, 0x00, 0x3F, 0xC0, 0x00, 0x01, 0xFE, 0x00,
  0x00, 0x0F, 0xF0, 0x00, 0x00, 0x7F, 0xC0, 0x00, 0x01, 0xFF, 0x00, 0x00,
  0x0F, 0xFE, 0x00, 0x00, 0x3F, 0xFF, 0x80, 0x00, 0xFF, 0xFF, 0x80, 0x03,
  0xFF, 0xFC, 0x00, 0x07, 0xFF, 0xE0, 0x00, 0x3F, 0xFF, 0x00, 0x07, 0xFF,
  0xF8, 0x00, 0x7F, 0xFF, 0xC0, 0x07, 0xFF, 0xE0, 0x00, 0x7F, 0xF0, 0x00,
  0x03, 0xFE, 0x00, 0x00, 0x3F, 0xE0, 0x00, 0x01, 0xFE, 0x00, 0x00, 0x0F,
  0xF0, 0x00, 0x00, 0x7F, 0x80, 0x00, 0x03, 0xFC, 0x00, 0x00, 0x1F, 0xE0,
  0x00, 0x00, 0xFF, 0x00, 0x00, 0x07, 0xF8, 0x00, 0x00, 0x3F, 0xC0, 0x00,
  0x01, 0xFE, 0x00, 0x00, 0x0F, 0xF0, 0x00, 0x00, 0x7F, 0x80, 0x00, 0x03,
  0xFC, 0x00, 0x00, 0x1F, 0xE0, 0x00, 0x00, 0xFF, 0x00, 0x00, 0x07, 0xF8,
  0x00, 0x00, 0x3F, 0xC0, 0x00, 0x03, 0xFE, 0x00, 0x00, 0xFF, 0xE0, 0x00,
  0xFF, 0xFF, 0x00, 0x07, 0xFF, 0xF0, 0x00, 0x3F, 0xFF, 0x00, 0x01, 0xFF,
  0xF0, 0x00, 0x0F, 0xFE, 0x00, 0x00, 0x7F, 0x80, 0x00, 0x00, 0x00, 0x00,
  0x00, 0x00, 0x41, 0xFF, 0x00, 0x00, 0x33, 0xFF, 0xFC, 0x00, 0x3D, 0xFF,
  0xFF, 0xF8, 0x7F, 0xFF, 0xFF, 0xFF, 0xFF, 0xFF, 0xFF, 0xFF, 0xFF, 0xFF,
  0xFF, 0xFF, 0xFF, 0xFF, 0xFF, 0xFF, 0xFF, 0xFC, 0xF0, 0x03, 0xFF, 0xFE,
  0x30, 0x00, 0x0F, 0xFE, 0x08, 0x00, 0x00, 0x00, 0x00, 0xFF, 0xFF, 0xFF,
  0xFF, 0xFF, 0xFF, 0xFF, 0xFF, 0xFF, 0xFF, 0xFF, 0xFF, 0xFF, 0xFF, 0xFF,
  0xFF, 0xFF, 0xFF, 0xFF, 0xFF, 0x00, 0x00, 0x07, 0xFE, 0x00, 0x00, 0x0F,
  0xFC, 0x00, 0x00, 0x1F, 0xF8, 0x00, 0x00, 0x3F, 0xF0, 0x00, 0x00, 0x7F,
  0xE0, 0x00, 0x00, 0xFF, 0xC0, 0x00, 0x01, 0xFF, 0x80, 0x00, 0x03, 0xFF,
  0x00, 0x00, 0x07, 0xFE, 0x00, 0x00, 0x0F, 0xFC, 0x00, 0x00, 0x1F, 0xF8,
  0x00, 0x00, 0x3F, 0xF0, 0x00, 0x00, 0x7F, 0xE0, 0x00, 0x00, 0xFF, 0xC0,
  0x00, 0x01, 0xFF, 0x80, 0x00, 0x03, 0xFF, 0x00, 0x00, 0x07, 0xFE, 0x00,
  0x00, 0x0F, 0xFC, 0x00, 0x00, 0x1F, 0xF8, 0x00, 0x00, 0x3F, 0xF0, 0x00,
  0x00, 0x7F, 0xE0, 0x00, 0x00, 0xFF, 0xC0, 0x00, 0x01, 0xFF, 0x80, 0x00,
  0x03, 0xFF, 0x00, 0x00, 0x07, 0xFE, 0x00, 0x00, 0x0F, 0xFC, 0x00, 0x00,
  0x1F, 0xF8, 0x00, 0x00, 0x3F, 0xF0, 0x00, 0x00, 0x7F, 0xE0, 0x00, 0x00,
  0xFF, 0xC0, 0x00, 0x01, 0xFF, 0x80, 0x00, 0x03, 0xFF, 0x00, 0x00, 0x07,
  0xFE, 0x00, 0x00, 0x0F, 0xFC, 0x00, 0x00, 0x1F, 0xF8, 0x00, 0x00, 0x3F,
  0xF0, 0x00, 0x00, 0x7F, 0xE0, 0x00, 0x00, 0xFF, 0xC0, 0x00, 0x01, 0xFF,
  0x80, 0x00, 0x03, 0xFF, 0x00, 0x00, 0x07, 0xFF, 0xFF, 0xFF, 0xFF, 0xFF,
  0xFF, 0xFF, 0xFF, 0xFF, 0xFF, 0xFF, 0xFF, 0xFF, 0xFF, 0xFF, 0xFF, 0xFF,
  0xFF, 0xFF, 0xF8, 0xFF, 0xFF, 0xFF, 0xFF, 0xFF, 0xFF, 0xFF, 0xFF, 0xFF,
  0xFF, 0xFF, 0xFF, 0xFF, 0xFF, 0xFF, 0xFF, 0xFF, 0xFF, 0xFF, 0xFF, 0x00,
  0x00, 0x07, 0xFE, 0x00, 0x00, 0x0F, 0xFC, 0x00, 0x00, 0x1F, 0xF8, 0x00,
  0x00, 0x3F, 0xF0, 0x00, 0x00, 0x7F, 0xE0, 0x00, 0x00, 0xFF, 0xC0, 0x00,
  0x01, 0xFF, 0x80, 0x00, 0x03, 0xFF, 0x00, 0x00, 0x07, 0xFE, 0x00, 0x00,
  0x0F, 0xFC, 0x00, 0x00, 0x1F, 0xF8, 0x00, 0x00, 0x3F, 0xF0, 0x00, 0x00,
  0x7F, 0xE0, 0x00, 0x00, 0xFF, 0xC0, 0x00, 0x01, 0xFF, 0x80, 0x00, 0x03,
  0xFF, 0x00, 0x00, 0x07, 0xFE, 0x00, 0x00, 0x0F, 0xFC, 0x00, 0x00, 0x1F,
  0xF8, 0x00, 0x00, 0x3F, 0xF0, 0x00, 0x00, 0x7F, 0xE0, 0x00, 0x00, 0xFF,
  0xC0, 0x00, 0x01, 0xFF, 0x80, 0x00, 0x03, 0xFF, 0x00, 0x00, 0x07, 0xFE,
  0x00, 0x00, 0x0F, 0xFC, 0x00, 0x00, 0x1F, 0xF8, 0x00, 0x00, 0x3F, 0xF0,
  0x00, 0x00, 0x7F, 0xE0, 0x00, 0x00, 0xFF, 0xC0, 0x00, 0x01, 0xFF, 0x80,
  0x00, 0x03, 0xFF, 0x00, 0x00, 0x07, 0xFE, 0x00, 0x00, 0x0F, 0xFC, 0x00,
  0x00, 0x1F, 0xF8, 0x00, 0x00, 0x3F, 0xF0, 0x00, 0x00, 0x7F, 0xE0, 0x00,
  0x00, 0xFF, 0xC0, 0x00, 0x01, 0xFF, 0x80, 0x00, 0x03, 0xFF, 0x00, 0x00,
  0x07, 0xFF, 0xFF, 0xFF, 0xFF, 0xFF, 0xFF, 0xFF, 0xFF, 0xFF, 0xFF, 0xFF,
  0xFF, 0xFF, 0xFF, 0xFF, 0xFF, 0xFF, 0xFF, 0xFF, 0xF8, 0xFF, 0xFF, 0xFF,
  0xFF, 0xFF, 0xFF, 0xFF, 0xFF, 0xFF, 0xFF, 0xFF, 0xFF, 0xFF, 0xFF, 0xFF,
  0xFF, 0xFF, 0xFF, 0xFF, 0xFF, 0x00, 0x00, 0x07, 0xFE, 0x00, 0x00, 0x0F,
  0xFC, 0x00, 0x00, 0x1F, 0xF8, 0x00, 0x00, 0x3F, 0xF0, 0x00, 0x00, 0x7F,
  0xE0, 0x00, 0x00, 0xFF, 0xC0, 0x00, 0x01, 0xFF, 0x80, 0x00, 0x03, 0xFF,
  0x00, 0x00, 0x07, 0xFE, 0x00, 0x00, 0x0F, 0xFC, 0x00, 0x00, 0x1F, 0xF8,
  0x00, 0x00, 0x3F, 0xF0, 0x00, 0x00, 0x7F, 0xE0, 0x00, 0x00, 0xFF, 0xC0,
  0x00, 0x01, 0xFF, 0x80, 0x00, 0x03, 0xFF, 0x00, 0x00, 0x07, 0xFE, 0x00,
  0x00, 0x0F, 0xFC, 0x00, 0x00, 0x1F, 0xF8, 0x00, 0x00, 0x3F, 0xF0, 0x00,
  0x00, 0x7F, 0xE0, 0x00, 0x00, 0xFF, 0xC0, 0x00, 0x01, 0xFF, 0x80, 0x00,
  0x03, 0xFF, 0x00, 0x00, 0x07, 0xFE, 0x00, 0x00, 0x0F, 0xFC, 0x00, 0x00,
  0x1F, 0xF8, 0x00, 0x00, 0x3F, 0xF0, 0x00, 0x00, 0x7F, 0xE0, 0x00, 0x00,
  0xFF, 0xC0, 0x00, 0x01, 0xFF, 0x80, 0x00, 0x03, 0xFF, 0x00, 0x00, 0x07,
  0xFE, 0x00, 0x00, 0x0F, 0xFC, 0x00, 0x00, 0x1F, 0xF8, 0x00, 0x00, 0x3F,
  0xF0, 0x00, 0x00, 0x7F, 0xE0, 0x00, 0x00, 0xFF, 0xC0, 0x00, 0x01, 0xFF,
  0x80, 0x00, 0x03, 0xFF, 0x00, 0x00, 0x07, 0xFF, 0xFF, 0xFF, 0xFF, 0xFF,
  0xFF, 0xFF, 0xFF, 0xFF, 0xFF, 0xFF, 0xFF, 0xFF, 0xFF, 0xFF, 0xFF, 0xFF,
  0xFF, 0xFF, 0xF8, 0xFF, 0xFF, 0xFF, 0xFF, 0xFF, 0xFF, 0xFF, 0xFF, 0xFF,
  0xFF, 0xFF, 0xFF, 0xFF, 0xFF, 0xFF, 0xFF, 0xFF, 0xFF, 0xFF, 0xFF, 0x00,
  0x00, 0x07, 0xFE, 0x00, 0x00, 0x0F, 0xFC, 0x00, 0x00, 0x1F, 0xF8, 0x00,
  0x00, 0x3F, 0xF0, 0x00, 0x00, 0x7F, 0xE0, 0x00, 0x00, 0xFF, 0xC0, 0x00,
  0x01, 0xFF, 0x80, 0x00, 0x03, 0xFF, 0x00, 0x00, 0x07, 0xFE, 0x00, 0x00,
  0x0F, 0xFC, 0x00, 0x00, 0x1F, 0xF8, 0x00, 0x00, 0x3F, 0xF0, 0x00, 0x00,
  0x7F, 0xE0, 0x00, 0x00, 0xFF, 0xC0, 0x00, 0x01, 0xFF, 0x80, 0x00, 0x03,
  0xFF, 0x00, 0x00, 0x07, 0xFE, 0x00, 0x00, 0x0F, 0xFC, 0x00, 0x00, 0x1F,
  0xF8, 0x00, 0x00, 0x3F, 0xF0, 0x00, 0x00, 0x7F, 0xE0, 0x00, 0x00, 0xFF,
  0xC0, 0x00, 0x01, 0xFF, 0x80, 0x00, 0x03, 0xFF, 0x00, 0x00, 0x07, 0xFE,
  0x00, 0x00, 0x0F, 0xFC, 0x00, 0x00, 0x1F, 0xF8, 0x00, 0x00, 0x3F, 0xF0,
  0x00, 0x00, 0x7F, 0xE0, 0x00, 0x00, 0xFF, 0xC0, 0x00, 0x01, 0xFF, 0x80,
  0x00, 0x03, 0xFF, 0x00, 0x00, 0x07, 0xFE, 0x00, 0x00, 0x0F, 0xFC, 0x00,
  0x00, 0x1F, 0xF8, 0x00, 0x00, 0x3F, 0xF0, 0x00, 0x00, 0x7F, 0xE0, 0x00,
  0x00, 0xFF, 0xC0, 0x00, 0x01, 0xFF, 0x80, 0x00, 0x03, 0xFF, 0x00, 0x00,
  0x07, 0xFF, 0xFF, 0xFF, 0xFF, 0xFF, 0xFF, 0xFF, 0xFF, 0xFF, 0xFF, 0xFF,
  0xFF, 0xFF, 0xFF, 0xFF, 0xFF, 0xFF, 0xFF, 0xFF, 0xF8, 0xFF, 0xFF, 0xFF,
  0xFF, 0xFF, 0xFF, 0xFF, 0xFF, 0xFF, 0xFF, 0xFF, 0xFF, 0xFF, 0xFF, 0xFF,
  0xFF, 0xFF, 0xFF, 0xFF, 0xFF, 0x00, 0x00, 0x07, 0xFE, 0x00, 0x00, 0x0F,
  0xFC, 0x00, 0x00, 0x1F, 0xF8, 0x00, 0x00, 0x3F, 0xF0, 0x00, 0x00, 0x7F,
  0xE0, 0x00, 0x00, 0xFF, 0xC0, 0x00, 0x01, 0xFF, 0x80, 0x00, 0x03, 0xFF,
  0x00, 0x00, 0x07, 0xFE, 0x00, 0x00, 0x0F, 0xFC, 0x00, 0x00, 0x1F, 0xF8,
  0x00, 0x00, 0x3F, 0xF0, 0x00, 0x00, 0x7F, 0xE0, 0x00, 0x00, 0xFF, 0xC0,
  0x00, 0x01, 0xFF, 0x80, 0x00, 0x03, 0xFF, 0x00, 0x00, 0x07, 0xFE, 0x00,
  0x00, 0x0F, 0xFC, 0x00, 0x00, 0x1F, 0xF8, 0x00, 0x00, 0x3F, 0xF0, 0x00,
  0x00, 0x7F, 0xE0, 0x00, 0x00, 0xFF, 0xC0, 0x00, 0x01, 0xFF, 0x80, 0x00,
  0x03, 0xFF, 0x00, 0x00, 0x07, 0xFE, 0x00, 0x00, 0x0F, 0xFC, 0x00, 0x00,
  0x1F, 0xF8, 0x00, 0x00, 0x3F, 0xF0, 0x00, 0x00, 0x7F, 0xE0, 0x00, 0x00,
  0xFF, 0xC0, 0x00, 0x01, 0xFF, 0x80, 0x00, 0x03, 0xFF, 0x00, 0x00, 0x07,
  0xFE, 0x00, 0x00, 0x0F, 0xFC, 0x00, 0x00, 0x1F, 0xF8, 0x00, 0x00, 0x3F,
  0xF0, 0x00, 0x00, 0x7F, 0xE0, 0x00, 0x00, 0xFF, 0xC0, 0x00, 0x01, 0xFF,
  0x80, 0x00, 0x03, 0xFF, 0x00, 0x00, 0x07, 0xFF, 0xFF, 0xFF, 0xFF, 0xFF,
  0xFF, 0xFF, 0xFF, 0xFF, 0xFF, 0xFF, 0xFF, 0xFF, 0xFF, 0xFF, 0xFF, 0xFF,
  0xFF, 0xFF, 0xF8, 0xFF, 0xFF, 0xFF, 0xFF, 0xFF, 0xFF, 0xFF, 0xFF, 0xFF,
  0xFF, 0xFF, 0xFF, 0xFF, 0xFF, 0xFF, 0xFF, 0xFF, 0xFF, 0xFF, 0xFF, 0x00,
  0x00, 0x07, 0xFE, 0x00, 0x00, 0x0F, 0xFC, 0x00, 0x00, 0x1F, 0xF8, 0x00,
  0x00, 0x3F, 0xF0, 0x00, 0x00, 0x7F, 0xE0, 0x00, 0x00, 0xFF, 0xC0, 0x00,
  0x01, 0xFF, 0x80, 0x00, 0x03, 0xFF, 0x00, 0x00, 0x07, 0xFE, 0x00, 0x00,
  0x0F, 0xFC, 0x00, 0x00, 0x1F, 0xF8, 0x00, 0x00, 0x3F, 0xF0, 0x00, 0x00,
  0x7F, 0xE0, 0x00, 0x00, 0xFF, 0xC0, 0x00, 0x01, 0xFF, 0x80, 0x00, 0x03,
  0xFF, 0x00, 0x00, 0x07, 0xFE, 0x00, 0x00, 0x0F, 0xFC, 0x00, 0x00, 0x1F,
  0xF8, 0x00, 0x00, 0x3F, 0xF0, 0x00, 0x00, 0x7F, 0xE0, 0x00, 0x00, 0xFF,
  0xC0, 0x00, 0x01, 0xFF, 0x80, 0x00, 0x03, 0xFF, 0x00, 0x00, 0x07, 0xFE,
  0x00, 0x00, 0x0F, 0xFC, 0x00, 0x00, 0x1F, 0xF8, 0x00, 0x00, 0x3F, 0xF0,
  0x00, 0x00, 0x7F, 0xE0, 0x00, 0x00, 0xFF, 0xC0, 0x00, 0x01, 0xFF, 0x80,
  0x00, 0x03, 0xFF, 0x00, 0x00, 0x07, 0xFE, 0x00, 0x00, 0x0F, 0xFC, 0x00,
  0x00, 0x1F, 0xF8, 0x00, 0x00, 0x3F, 0xF0, 0x00, 0x00, 0x7F, 0xE0, 0x00,
  0x00, 0xFF, 0xC0, 0x00, 0x01, 0xFF, 0x80, 0x00, 0x03, 0xFF, 0x00, 0x00,
  0x07, 0xFF, 0xFF, 0xFF, 0xFF, 0xFF, 0xFF, 0xFF, 0xFF, 0xFF, 0xFF, 0xFF,
  0xFF, 0xFF, 0xFF, 0xFF, 0xFF, 0xFF, 0xFF, 0xFF, 0xF8, 0xFF, 0xFF, 0xFF,
  0xFF, 0xFF, 0xFF, 0xFF, 0xFF, 0xFF, 0xFF, 0xFF, 0xFF, 0xFF, 0xFF, 0xFF,
  0xFF, 0xFF, 0xFF, 0xFF, 0xFF, 0x00, 0x00, 0x07, 0xFE, 0x00, 0x00, 0x0F,
  0xFC, 0x00, 0x00, 0x1F, 0xF8, 0x00, 0x00, 0x3F, 0xF0, 0x00, 0x00, 0x7F,
  0xE0, 0x00, 0x00, 0xFF, 0xC0, 0x00, 0x01, 0xFF, 0x80, 0x00, 0x03, 0xFF,
  0x00, 0x00, 0x07, 0xFE, 0x00, 0x00, 0x0F, 0xFC, 0x00, 0x00, 0x1F, 0xF8,
  0x00, 0x00, 0x3F, 0xF0, 0x00, 0x00, 0x7F, 0xE0, 0x00, 0x00, 0xFF, 0xC0,
  0x00, 0x01, 0xFF, 0x80, 0x00, 0x03, 0xFF, 0x00, 0x00, 0x07, 0xFE, 0x00,
  0x00, 0x0F, 0xFC, 0x00, 0x00, 0x1F, 0xF8, 0x00, 0x00, 0x3F, 0xF0, 0x00,
  0x00, 0x7F, 0xE0, 0x00, 0x00, 0xFF, 0xC0, 0x00, 0x01, 0xFF, 0x80, 0x00,
  0x03, 0xFF, 0x00, 0x00, 0x07, 0xFE, 0x00, 0x00, 0x0F, 0xFC, 0x00, 0x00,
  0x1F, 0xF8, 0x00, 0x00, 0x3F, 0xF0, 0x00, 0x00, 0x7F, 0xE0, 0x00, 0x00,
  0xFF, 0xC0, 0x00, 0x01, 0xFF, 0x80, 0x00, 0x03, 0xFF, 0x00, 0x00, 0x07,
  0xFE, 0x00, 0x00, 0x0F, 0xFC, 0x00, 0x00, 0x1F, 0xF8, 0x00, 0x00, 0x3F,
  0xF0, 0x00, 0x00, 0x7F, 0xE0, 0x00, 0x00, 0xFF, 0xC0, 0x00, 0x01, 0xFF,
  0x80, 0x00, 0x03, 0xFF, 0x00, 0x00, 0x07, 0xFF, 0xFF, 0xFF, 0xFF, 0xFF,
  0xFF, 0xFF, 0xFF, 0xFF, 0xFF, 0xFF, 0xFF, 0xFF, 0xFF, 0xFF, 0xFF, 0xFF,
  0xFF, 0xFF, 0xF8, 0xFF, 0xFF, 0xFF, 0xFF, 0xFF, 0xFF, 0xFF, 0xFF, 0xFF,
  0xFF, 0xFF, 0xFF, 0xFF, 0xFF, 0xFF, 0xFF, 0xFF, 0xFF, 0xFF, 0xFF, 0x00,
  0x00, 0x07, 0xFE, 0x00, 0x00, 0x0F, 0xFC, 0x00, 0x00, 0x1F, 0xF8, 0x00,
  0x00, 0x3F, 0xF0, 0x00, 0x00, 0x7F, 0xE0, 0x00, 0x00, 0xFF, 0xC0, 0x00,
  0x01, 0xFF, 0x80, 0x00, 0x03, 0xFF, 0x00, 0x00, 0x07, 0xFE, 0x00, 0x00,
  0x0F, 0xFC, 0x00, 0x00, 0x1F, 0xF8, 0x00, 0x00, 0x3F, 0xF0, 0x00, 0x00,
  0x7F, 0xE0, 0x00, 0x00, 0xFF, 0xC0, 0x00, 0x01, 0xFF, 0x80, 0x00, 0x03,
  0xFF, 0x00, 0x00, 0x07, 0xFE, 0x00, 0x00, 0x0F, 0xFC, 0x00, 0x00, 0x1F,
  0xF8, 0x00, 0x00, 0x3F, 0xF0, 0x00, 0x00, 0x7F, 0xE0, 0x00, 0x00, 0xFF,
  0xC0, 0x00, 0x01, 0xFF, 0x80, 0x00, 0x03, 0xFF, 0x00, 0x00, 0x07, 0xFE,
  0x00, 0x00, 0x0F, 0xFC, 0x00, 0x00, 0x1F, 0xF8, 0x00, 0x00, 0x3F, 0xF0,
  0x00, 0x00, 0x7F, 0xE0, 0x00, 0x00, 0xFF, 0xC0, 0x00, 0x01, 0xFF, 0x80,
  0x00, 0x03, 0xFF, 0x00, 0x00, 0x07, 0xFE, 0x00, 0x00, 0x0F, 0xFC, 0x00,
  0x00, 0x1F, 0xF8, 0x00, 0x00, 0x3F, 0xF0, 0x00, 0x00, 0x7F, 0xE0, 0x00,
  0x00, 0xFF, 0xC0, 0x00, 0x01, 0xFF, 0x80, 0x00, 0x03, 0xFF, 0x00, 0x00,
  0x07, 0xFF, 0xFF, 0xFF, 0xFF, 0xFF, 0xFF, 0xFF, 0xFF, 0xFF, 0xFF, 0xFF,
  0xFF, 0xFF, 0xFF, 0xFF, 0xFF, 0xFF, 0xFF, 0xFF, 0xF8, 0xFF, 0xFF, 0xFF,
  0xFF, 0xFF, 0xFF, 0xFF, 0xFF, 0xFF, 0xFF, 0xFF, 0xFF, 0xFF, 0xFF, 0xFF,
  0xFF, 0xFF, 0xFF, 0xFF, 0xFF, 0x00, 0x00, 0x07, 0xFE, 0x00, 0x00, 0x0F,
  0xFC, 0x00, 0x00, 0x1F, 0xF8, 0x00, 0x00, 0x3F, 0xF0, 0x00, 0x00, 0x7F,
  0xE0, 0x00, 0x00, 0xFF, 0xC0, 0x00, 0x01, 0xFF, 0x80, 0x00, 0x03, 0xFF,
  0x00, 0x00, 0x07, 0xFE, 0x00, 0x00, 0x0F, 0xFC, 0x00, 0x00, 0x1F, 0xF8,
  0x00, 0x00, 0x3F, 0xF0, 0x00, 0x00, 0x7F, 0xE0, 0x00, 0x00, 0xFF, 0xC0,
  0x00, 0x01, 0xFF, 0x80, 0x00, 0x03, 0xFF, 0x00, 0x00, 0x07, 0xFE, 0x00,
  0x00, 0x0F, 0xFC, 0x00, 0x00, 0x1F, 0xF8, 0x00, 0x00, 0x3F, 0xF0, 0x00,
  0x00, 0x7F, 0xE0, 0x00, 0x00, 0xFF, 0xC0, 0x00, 0x01, 0xFF, 0x80, 0x00,
  0x03, 0xFF, 0x00, 0x00, 0x07, 0xFE, 0x00, 0x00, 0x0F, 0xFC, 0x00, 0x00,
  0x1F, 0xF8, 0x00, 0x00, 0x3F, 0xF0, 0x00, 0x00, 0x7F, 0xE0, 0x00, 0x00,
  0xFF, 0xC0, 0x00, 0x01, 0xFF, 0x80, 0x00, 0x03, 0xFF, 0x00, 0x00, 0x07,
  0xFE, 0x00, 0x00, 0x0F, 0xFC, 0x00, 0x00, 0x1F, 0xF8, 0x00, 0x00, 0x3F,
  0xF0, 0x00, 0x00, 0x7F, 0xE0, 0x00, 0x00, 0xFF, 0xC0, 0x00, 0x01, 0xFF,
  0x80, 0x00, 0x03, 0xFF, 0x00, 0x00, 0x07, 0xFF, 0xFF, 0xFF, 0xFF, 0xFF,
  0xFF, 0xFF, 0xFF, 0xFF, 0xFF, 0xFF, 0xFF, 0xFF, 0xFF, 0xFF, 0xFF, 0xFF,
  0xFF, 0xFF, 0xF8, 0xFF, 0xFF, 0xFF, 0xFF, 0xFF, 0xFF, 0xFF, 0xFF, 0xFF,
  0xFF, 0xFF, 0xFF, 0xFF, 0xFF, 0xFF, 0xFF, 0xFF, 0xFF, 0xFF, 0xFF, 0x00,
  0x00, 0x07, 0xFE, 0x00, 0x00, 0x0F, 0xFC, 0x00, 0x00, 0x1F, 0xF8, 0x00,
  0x00, 0x3F, 0xF0, 0x00, 0x00, 0x7F, 0xE0, 0x00, 0x00, 0xFF, 0xC0, 0x00,
  0x01, 0xFF, 0x80, 0x00, 0x03, 0xFF, 0x00, 0x00, 0x07, 0xFE, 0x00, 0x00,
  0x0F, 0xFC, 0x00, 0x00, 0x1F, 0xF8, 0x00, 0x00, 0x3F, 0xF0, 0x00, 0x00,
  0x7F, 0xE0, 0x00, 0x00, 0xFF, 0xC0, 0x00, 0x01, 0xFF, 0x80, 0x00, 0x03,
  0xFF, 0x00, 0x00, 0x07, 0xFE, 0x00, 0x00, 0x0F, 0xFC, 0x00, 0x00, 0x1F,
  0xF8, 0x00, 0x00, 0x3F, 0xF0, 0x00, 0x00, 0x7F, 0xE0, 0x00, 0x00, 0xFF,
  0xC0, 0x00, 0x01, 0xFF, 0x80, 0x00, 0x03, 0xFF, 0x00, 0x00, 0x07, 0xFE,
  0x00, 0x00, 0x0F, 0xFC, 0x00, 0x00, 0x1F, 0xF8, 0x00, 0x00, 0x3F, 0xF0,
  0x00, 0x00, 0x7F, 0xE0, 0x00, 0x00, 0xFF, 0xC0, 0x00, 0x01, 0xFF, 0x80,
  0x00, 0x03, 0xFF, 0x00, 0x00, 0x07, 0xFE, 0x00, 0x00, 0x0F, 0xFC, 0x00,
  0x00, 0x1F, 0xF8, 0x00, 0x00, 0x3F, 0xF0, 0x00, 0x00, 0x7F, 0xE0, 0x00,
  0x00, 0xFF, 0xC0, 0x00, 0x01, 0xFF, 0x80, 0x00, 0x03, 0xFF, 0x00, 0x00,
  0x07, 0xFF, 0xFF, 0xFF, 0xFF, 0xFF, 0xFF, 0xFF, 0xFF, 0xFF, 0xFF, 0xFF,
  0xFF, 0xFF, 0xFF, 0xFF, 0xFF, 0xFF, 0xFF, 0xFF, 0xF8, 0xFF, 0xFF, 0xFF,
  0xFF, 0xFF, 0xFF, 0xFF, 0xFF, 0xFF, 0xFF, 0xFF, 0xFF, 0xFF, 0xFF, 0xFF,
  0xFF, 0xFF, 0xFF, 0xFF, 0xFF, 0x00, 0x00, 0x07, 0xFE, 0x00, 0x00, 0x0F,
  0xFC, 0x00, 0x00, 0x1F, 0xF8, 0x00, 0x00, 0x3F, 0xF0, 0x00, 0x00, 0x7F,
  0xE0, 0x00, 0x00, 0xFF, 0xC0, 0x00, 0x01, 0xFF, 0x80, 0x00, 0x03, 0xFF,
  0x00, 0x00, 0x07, 0xFE, 0x00, 0x00, 0x0F, 0xFC, 0x00, 0x00, 0x1F, 0xF8,
  0x00, 0x00, 0x3F, 0xF0, 0x00, 0x00, 0x7F, 0xE0, 0x00, 0x00, 0xFF, 0xC0,
  0x00, 0x01, 0xFF, 0x80, 0x00, 0x03, 0xFF, 0x00, 0x00, 0x07, 0xFE, 0x00,
  0x00, 0x0F, 0xFC, 0x00, 0x00, 0x1F, 0xF8, 0x00, 0x00, 0x3F, 0xF0, 0x00,
  0x00, 0x7F, 0xE0, 0x00, 0x00, 0xFF, 0xC0, 0x00, 0x01, 0xFF, 0x80, 0x00,
  0x03, 0xFF, 0x00, 0x00, 0x07, 0xFE, 0x00, 0x00, 0x0F, 0xFC, 0x00, 0x00,
  0x1F, 0xF8, 0x00, 0x00, 0x3F, 0xF0, 0x00, 0x00, 0x7F, 0xE0, 0x00, 0x00,
  0xFF, 0xC0, 0x00, 0x01, 0xFF, 0x80, 0x00, 0x03, 0xFF, 0x00, 0x00, 0x07,
  0xFE, 0x00, 0x00, 0x0F, 0xFC, 0x00, 0x00, 0x1F, 0xF8, 0x00, 0x00, 0x3F,
  0xF0, 0x00, 0x00, 0x7F, 0xE0, 0x00, 0x00, 0xFF, 0xC0, 0x00, 0x01, 0xFF,
  0x80, 0x00, 0x03, 0xFF, 0x00, 0x00, 0x07, 0xFF, 0xFF, 0xFF, 0xFF, 0xFF,
  0xFF, 0xFF, 0xFF, 0xFF, 0xFF, 0xFF, 0xFF, 0xFF, 0xFF, 0xFF, 0xFF, 0xFF,
  0xFF, 0xFF, 0xF8, 0xFF, 0xFF, 0xFF, 0xFF, 0xFF, 0xFF, 0xFF, 0xFF, 0xFF,
  0xFF, 0xFF, 0xFF, 0xFF, 0xFF, 0xFF, 0xFF, 0xFF, 0xFF, 0xFF, 0xFF, 0x00,
  0x00, 0x07, 0xFE, 0x00, 0x00, 0x0F, 0xFC, 0x00, 0x00, 0x1F, 0xF8, 0x00,
  0x00, 0x3F, 0xF0, 0x00, 0x00, 0x7F, 0xE0, 0x00, 0x00, 0xFF, 0xC0, 0x00,
  0x01, 0xFF, 0x80, 0x00, 0x03, 0xFF, 0x00, 0x00, 0x07, 0xFE, 0x00, 0x00,
  0x0F, 0xFC, 0x00, 0x00, 0x1F, 0xF8, 0x00, 0x00, 0x3F, 0xF0, 0x00, 0x00,
  0x7F, 0xE0, 0x00, 0x00, 0xFF, 0xC0, 0x00, 0x01, 0xFF, 0x80, 0x00, 0x03,
  0xFF, 0x00, 0x00, 0x07, 0xFE, 0x00, 0x00, 0x0F, 0xFC, 0x00, 0x00, 0x1F,
  0xF8, 0x00, 0x00, 0x3F, 0xF0, 0x00, 0x00, 0x7F, 0xE0, 0x00, 0x00, 0xFF,
  0xC0, 0x00, 0x01, 0xFF, 0x80, 0x00, 0x03, 0xFF, 0x00, 0x00, 0x07, 0xFE,
  0x00, 0x00, 0x0F, 0xFC, 0x00, 0x00, 0x1F, 0xF8, 0x00, 0x00, 0x3F, 0xF0,
  0x00, 0x00, 0x7F, 0xE0, 0x00, 0x00, 0xFF, 0xC0, 0x00, 0x01, 0xFF, 0x80,
  0x00, 0x03, 0xFF, 0x00, 0x00, 0x07, 0xFE, 0x00, 0x00, 0x0F, 0xFC, 0x00,
  0x00, 0x1F, 0xF8, 0x00, 0x00, 0x3F, 0xF0, 0x00, 0x00, 0x7F, 0xE0, 0x00,
  0x00, 0xFF, 0xC0, 0x00, 0x01, 0xFF, 0x80, 0x00, 0x03, 0xFF, 0x00, 0x00,
  0x07, 0xFF, 0xFF, 0xFF, 0xFF, 0xFF, 0xFF, 0xFF, 0xFF, 0xFF, 0xFF, 0xFF,
  0xFF, 0xFF, 0xFF, 0xFF, 0xFF, 0xFF, 0xFF, 0xFF, 0xF8, 0xFF, 0xFF, 0xFF,
  0xFF, 0xFF, 0xFF, 0xFF, 0xFF, 0xFF, 0xFF, 0xFF, 0xFF, 0xFF, 0xFF, 0xFF,
  0xFF, 0xFF, 0xFF, 0xFF, 0xFF, 0x00, 0x00, 0x07, 0xFE, 0x00, 0x00, 0x0F,
  0xFC, 0x00, 0x00, 0x1F, 0xF8, 0x00, 0x00, 0x3F, 0xF0, 0x00, 0x00, 0x7F,
  0xE0, 0x00, 0x00, 0xFF, 0xC0, 0x00, 0x01, 0xFF, 0x80, 0x00, 0x03, 0xFF,
  0x00, 0x00, 0x07, 0xFE, 0x00, 0x00, 0x0F, 0xFC, 0x00, 0x00, 0x1F, 0xF8,
  0x00, 0x00, 0x3F, 0xF0, 0x00, 0x00, 0x7F, 0xE0, 0x00, 0x00, 0xFF, 0xC0,
  0x00, 0x01, 0xFF, 0x80, 0x00, 0x03, 0xFF, 0x00, 0x00, 0x07, 0xFE, 0x00,
  0x00, 0x0F, 0xFC, 0x00, 0x00, 0x1F, 0xF8, 0x00, 0x00, 0x3F, 0xF0, 0x00,
  0x00, 0x7F, 0xE0, 0x00, 0x00, 0xFF, 0xC0, 0x00, 0x01, 0xFF, 0x80, 0x00,
  0x03, 0xFF, 0x00, 0x00, 0x07, 0xFE, 0x00, 0x00, 0x0F, 0xFC, 0x00, 0x00,
  0x1F, 0xF8, 0x00, 0x00, 0x3F, 0xF0, 0x00, 0x00, 0x7F, 0xE0, 0x00, 0x00,
  0xFF, 0xC0, 0x00, 0x01, 0xFF, 0x80, 0x00, 0x03, 0xFF, 0x00, 0x00, 0x07,
  0xFE, 0x00, 0x00, 0x0F, 0xFC, 0x00, 0x00, 0x1F, 0xF8, 0x00, 0x00, 0x3F,
  0xF0, 0x00, 0x00, 0x7F, 0xE0, 0x00, 0x00, 0xFF, 0xC0, 0x00, 0x01, 0xFF,
  0x80, 0x00, 0x03, 0xFF, 0x00, 0x00, 0x07, 0xFF, 0xFF, 0xFF, 0xFF, 0xFF,
  0xFF, 0xFF, 0xFF, 0xFF, 0xFF, 0xFF, 0xFF, 0xFF, 0xFF, 0xFF, 0xFF, 0xFF,
  0xFF, 0xFF, 0xF8, 0xFF, 0xFF, 0xFF, 0xFF, 0xFF, 0xFF, 0xFF, 0xFF, 0xFF,
  0xFF, 0xFF, 0xFF, 0xFF, 0xFF, 0xFF, 0xFF, 0xFF, 0xFF, 0xFF, 0xFF, 0x00,
  0x00, 0x07, 0xFE, 0x00, 0x00, 0x0F, 0xFC, 0x00, 0x00, 0x1F, 0xF8, 0x00,
  0x00, 0x3F, 0xF0, 0x00, 0x00, 0x7F, 0xE0, 0x00, 0x00, 0xFF, 0xC0, 0x00,
  0x01, 0xFF, 0x80, 0x00, 0x03, 0xFF, 0x00, 0x00, 0x07, 0xFE, 0x00, 0x00,
  0x0F, 0xFC, 0x00, 0x00, 0x1F, 0xF8, 0x00, 0x00, 0x3F, 0xF0, 0x00, 0x00,
  0x7F, 0xE0, 0x00, 0x00, 0xFF, 0xC0, 0x00, 0x01, 0xFF, 0x80, 0x00, 0x03,
  0xFF, 0x00, 0x00, 0x07, 0xFE, 0x00, 0x00, 0x0F, 0xFC, 0x00, 0x00, 0x1F,
  0xF8, 0x00, 0x00, 0x3F, 0xF0, 0x00, 0x00, 0x7F, 0xE0, 0x00, 0x00, 0xFF,
  0xC0, 0x00, 0x01, 0xFF, 0x80, 0x00, 0x03, 0xFF, 0x00, 0x00, 0x07, 0xFE,
  0x00, 0x00, 0x0F, 0xFC, 0x00, 0x00, 0x1F, 0xF8, 0x00, 0x00, 0x3F, 0xF0,
  0x00, 0x00, 0x7F, 0xE0, 0x00, 0x00, 0xFF, 0xC0, 0x00, 0x01, 0xFF, 0x80,
  0x00, 0x03, 0xFF, 0x00, 0x00, 0x07, 0xFE, 0x00, 0x00, 0x0F, 0xFC, 0x00,
  0x00, 0x1F, 0xF8, 0x00, 0x00, 0x3F, 0xF0, 0x00, 0x00, 0x7F, 0xE0, 0x00,
  0x00, 0xFF, 0xC0, 0x00, 0x01, 0xFF, 0x80, 0x00, 0x03, 0xFF, 0x00, 0x00,
  0x07, 0xFF, 0xFF, 0xFF, 0xFF, 0xFF, 0xFF, 0xFF, 0xFF, 0xFF, 0xFF, 0xFF,
  0xFF, 0xFF, 0xFF, 0xFF, 0xFF, 0xFF, 0xFF, 0xFF, 0xF8, 0xFF, 0xFF, 0xFF,
  0xFF, 0xFF, 0xFF, 0xFF, 0xFF, 0xFF, 0xFF, 0xFF, 0xFF, 0xFF, 0xFF, 0xFF,
  0xFF, 0xFF, 0xFF, 0xFF, 0xFF, 0x00, 0x00, 0x07, 0xFE, 0x00, 0x00, 0x0F,
  0xFC, 0x00, 0x00, 0x1F, 0xF8, 0x00, 0x00, 0x3F, 0xF0, 0x00, 0x00, 0x7F,
  0xE0, 0x00, 0x00, 0xFF, 0xC0, 0x00, 0x01, 0xFF, 0x80, 0x00, 0x03, 0xFF,
  0x00, 0x00, 0x07, 0xFE, 0x00, 0x00, 0x0F, 0xFC, 0x00, 0x00, 0x1F, 0xF8,
  0x00, 0x00, 0x3F, 0xF0, 0x00, 0x00, 0x7F, 0xE0, 0x00, 0x00, 0xFF, 0xC0,
  0x00, 0x01, 0xFF, 0x80, 0x00, 0x03, 0xFF, 0x00, 0x00, 0x07, 0xFE, 0x00,
  0x00, 0x0F, 0xFC, 0x00, 0x00, 0x1F, 0xF8, 0x00, 0x00, 0x3F, 0xF0, 0x00,
  0x00, 0x7F, 0xE0, 0x00, 0x00, 0xFF, 0xC0, 0x00, 0x01, 0xFF, 0x80, 0x00,
  0x03, 0xFF, 0x00, 0x00, 0x07, 0xFE, 0x00, 0x00, 0x0F, 0xFC, 0x00, 0x00,
  0x1F, 0xF8, 0x00, 0x00, 0x3F, 0xF0, 0x00, 0x00, 0x7F, 0xE0, 0x00, 0x00,
  0xFF, 0xC0, 0x00, 0x01, 0xFF, 0x80, 0x00, 0x03, 0xFF, 0x00, 0x00, 0x07,
  0xFE, 0x00, 0x00, 0x0F, 0xFC, 0x00, 0x00, 0x1F, 0xF8, 0x00, 0x00, 0x3F,
  0xF0, 0x00, 0x00, 0x7F, 0xE0, 0x00, 0x00, 0xFF, 0xC0, 0x00, 0x01, 0xFF,
  0x80, 0x00, 0x03, 0xFF, 0x00, 0x00, 0x07, 0xFF, 0xFF, 0xFF, 0xFF, 0xFF,
  0xFF, 0xFF, 0xFF, 0xFF, 0xFF, 0xFF, 0xFF, 0xFF, 0xFF, 0xFF, 0xFF, 0xFF,
  0xFF, 0xFF, 0xF8, 0xFF, 0xFF, 0xFF, 0xFF, 0xFF, 0xFF, 0xFF, 0xFF, 0xFF,
  0xFF, 0xFF, 0xFF, 0xFF, 0xFF, 0xFF, 0xFF, 0xFF, 0xFF, 0xFF, 0xFF, 0x00,
  0x00, 0x07, 0xFE, 0x00, 0x00, 0x0F, 0xFC, 0x00, 0x00, 0x1F, 0xF8, 0x00,
  0x00, 0x3F, 0xF0, 0x00, 0x00, 0x7F, 0xE0, 0x00, 0x00, 0xFF, 0xC0, 0x00,
  0x01, 0xFF, 0x80, 0x00, 0x03, 0xFF, 0x00, 0x00, 0x07, 0xFE, 0x00, 0x00,
  0x0F, 0xFC, 0x00, 0x00, 0x1F, 0xF8, 0x00, 0x00, 0x3F, 0xF0, 0x00, 0x00,
  0x7F, 0xE0, 0x00, 0x00, 0xFF, 0xC0, 0x00, 0x01, 0xFF, 0x80, 0x00, 0x03,
  0xFF, 0x00, 0x00, 0x07, 0xFE, 0x00, 0x00, 0x0F, 0xFC, 0x00, 0x00, 0x1F,
  0xF8, 0x00, 0x00, 0x3F, 0xF0, 0x00, 0x00, 0x7F, 0xE0, 0x00, 0x00, 0xFF,
  0xC0, 0x00, 0x01, 0xFF, 0x80, 0x00, 0x03, 0xFF, 0x00, 0x00, 0x07, 0xFE,
  0x00, 0x00, 0x0F, 0xFC, 0x00, 0x00, 0x1F, 0xF8, 0x00, 0x00, 0x3F, 0xF0,
  0x00, 0x00, 0x7F, 0xE0, 0x00, 0x00, 0xFF, 0xC0, 0x00, 0x01, 0xFF, 0x80,
  0x00, 0x03, 0xFF, 0x00, 0x00, 0x07, 0xFE, 0x00, 0x00, 0x0F, 0xFC, 0x00,
  0x00, 0x1F, 0xF8, 0x00, 0x00, 0x3F, 0xF0, 0x00, 0x00, 0x7F, 0xE0, 0x00,
  0x00, 0xFF, 0xC0, 0x00, 0x01, 0xFF, 0x80, 0x00, 0x03, 0xFF, 0x00, 0x00,
  0x07, 0xFF, 0xFF, 0xFF, 0xFF, 0xFF, 0xFF, 0xFF, 0xFF, 0xFF, 0xFF, 0xFF,
  0xFF, 0xFF, 0xFF, 0xFF, 0xFF, 0xFF, 0xFF, 0xFF, 0xF8, 0xFF, 0xFF, 0xFF,
  0xFF, 0xFF, 0xFF, 0xFF, 0xFF, 0xFF, 0xFF, 0xFF, 0xFF, 0xFF, 0xFF, 0xFF,
  0xFF, 0xFF, 0xFF, 0xFF, 0xFF, 0x00, 0x00, 0x07, 0xFE, 0x00, 0x00, 0x0F,
  0xFC, 0x00, 0x00, 0x1F, 0xF8, 0x00, 0x00, 0x3F, 0xF0, 0x00, 0x00, 0x7F,
  0xE0, 0x00, 0x00, 0xFF, 0xC0, 0x00, 0x01, 0xFF, 0x80, 0x00, 0x03, 0xFF,
  0x00, 0x00, 0x07, 0xFE, 0x00, 0x00, 0x0F, 0xFC, 0x00, 0x00, 0x1F, 0xF8,
  0x00, 0x00, 0x3F, 0xF0, 0x00, 0x00, 0x7F, 0xE0, 0x00, 0x00, 0xFF, 0xC0,
  0x00, 0x01, 0xFF, 0x80, 0x00, 0x03, 0xFF, 0x00, 0x00, 0x07, 0xFE, 0x00,
  0x00, 0x0F, 0xFC, 0x00, 0x00, 0x1F, 0xF8, 0x00, 0x00, 0x3F, 0xF0, 0x00,
  0x00, 0x7F, 0xE0, 0x00, 0x00, 0xFF, 0xC0, 0x00, 0x01, 0xFF, 0x80, 0x00,
  0x03, 0xFF, 0x00, 0x00, 0x07, 0xFE, 0x00, 0x00, 0x0F, 0xFC, 0x00, 0x00,
  0x1F, 0xF8, 0x00, 0x00, 0x3F, 0xF0, 0x00, 0x00, 0x7F, 0xE0, 0x00, 0x00,
  0xFF, 0xC0, 0x00, 0x01, 0xFF, 0x80, 0x00, 0x03, 0xFF, 0x00, 0x00, 0x07,
  0xFE, 0x00, 0x00, 0x0F, 0xFC, 0x00, 0x00, 0x1F, 0xF8, 0x00, 0x00, 0x3F,
  0xF0, 0x00, 0x00, 0x7F, 0xE0, 0x00, 0x00, 0xFF, 0xC0, 0x00, 0x01, 0xFF,
  0x80, 0x00, 0x03, 0xFF, 0x00, 0x00, 0x07, 0xFF, 0xFF, 0xFF, 0xFF, 0xFF,
  0xFF, 0xFF, 0xFF, 0xFF, 0xFF, 0xFF, 0xFF, 0xFF, 0xFF, 0xFF, 0xFF, 0xFF,
  0xFF, 0xFF, 0xF8, 0xFF, 0xFF, 0xFF, 0xFF, 0xFF, 0xFF, 0xFF, 0xFF, 0xFF,
  0xFF, 0xFF, 0xFF, 0xFF, 0xFF, 0xFF, 0xFF, 0xFF, 0xFF, 0xFF, 0xFF, 0x00,
  0x00, 0x07, 0xFE, 0x00, 0x00, 0x0F, 0xFC, 0x00, 0x00, 0x1F, 0xF8, 0x00,
  0x00, 0x3F, 0xF0, 0x00, 0x00, 0x7F, 0xE0, 0x00, 0x00, 0xFF, 0xC0, 0x00,
  0x01, 0xFF, 0x80, 0x00, 0x03, 0xFF, 0x00, 0x00, 0x07, 0xFE, 0x00, 0x00,
  0x0F, 0xFC, 0x00, 0x00, 0x1F, 0xF8, 0x00, 0x00, 0x3F, 0xF0, 0x00, 0x00,
  0x7F, 0xE0, 0x00, 0x00, 0xFF, 0xC0, 0x00, 0x01, 0xFF, 0x80, 0x00, 0x03,
  0xFF, 0x00, 0x00, 0x07, 0xFE, 0x00, 0x00, 0x0F, 0xFC, 0x00, 0x00, 0x1F,
  0xF8, 0x00, 0x00, 0x3F, 0xF0, 0x00, 0x00, 0x7F, 0xE0, 0x00, 0x00, 0xFF,
  0xC0, 0x00, 0x01, 0xFF, 0x80, 0x00, 0x03, 0xFF, 0x00, 0x00, 0x07, 0xFE,
  0x00, 0x00, 0x0F, 0xFC, 0x00, 0x00, 0x1F, 0xF8, 0x00, 0x00, 0x3F, 0xF0,
  0x00, 0x00, 0x7F, 0xE0, 0x00, 0x00, 0xFF, 0xC0, 0x00, 0x01, 0xFF, 0x80,
  0x00, 0x03, 0xFF, 0x00, 0x00, 0x07, 0xFE, 0x00, 0x00, 0x0F, 0xFC, 0x00,
  0x00, 0x1F, 0xF8, 0x00, 0x00, 0x3F, 0xF0, 0x00, 0x00, 0x7F, 0xE0, 0x00,
  0x00, 0xFF, 0xC0, 0x00, 0x01, 0xFF, 0x80, 0x00, 0x03, 0xFF, 0x00, 0x00,
  0x07, 0xFF, 0xFF, 0xFF, 0xFF, 0xFF, 0xFF, 0xFF, 0xFF, 0xFF, 0xFF, 0xFF,
  0xFF, 0xFF, 0xFF, 0xFF, 0xFF, 0xFF, 0xFF, 0xFF, 0xF8, 0xFF, 0xFF, 0xFF,
  0xFF, 0xFF, 0xFF, 0xFF, 0xFF, 0xFF, 0xFF, 0xFF, 0xFF, 0xFF, 0xFF, 0xFF,
  0xFF, 0xFF, 0xFF, 0xFF, 0xFF, 0x00, 0x00, 0x07, 0xFE, 0x00, 0x00, 0x0F,
  0xFC, 0x00, 0x00, 0x1F, 0xF8, 0x00, 0x00, 0x3F, 0xF0, 0x00, 0x00, 0x7F,
  0xE0, 0x00, 0x00, 0xFF, 0xC0, 0x00, 0x01, 0xFF, 0x80, 0x00, 0x03, 0xFF,
  0x00, 0x00, 0x07, 0xFE, 0x00, 0x00, 0x0F, 0xFC, 0x00, 0x00, 0x1F, 0xF8,
  0x00, 0x00, 0x3F, 0xF0, 0x00, 0x00, 0x7F, 0xE0, 0x00, 0x00, 0xFF, 0xC0,
  0x00, 0x01, 0xFF, 0x80, 0x00, 0x03, 0xFF, 0x00, 0x00, 0x07, 0xFE, 0x00,
  0x00, 0x0F, 0xFC, 0x00, 0x00, 0x1F, 0xF8, 0x00, 0x00, 0x3F, 0xF0, 0x00,
  0x00, 0x7F, 0xE0, 0x00, 0x00, 0xFF, 0xC0, 0x00, 0x01, 0xFF, 0x80, 0x00,
  0x03, 0xFF, 0x00, 0x00, 0x07, 0xFE, 0x00, 0x00, 0x0F, 0xFC, 0x00, 0x00,
  0x1F, 0xF8, 0x00, 0x00, 0x3F, 0xF0, 0x00, 0x00, 0x7F, 0xE0, 0x00, 0x00,
  0xFF, 0xC0, 0x00, 0x01, 0xFF, 0x80, 0x00, 0x03, 0xFF, 0x00, 0x00, 0x07,
  0xFE, 0x00, 0x00, 0x0F, 0xFC, 0x00, 0x00, 0x1F, 0xF8, 0x00, 0x00, 0x3F,
  0xF0, 0x00, 0x00, 0x7F, 0xE0, 0x00, 0x00, 0xFF, 0xC0, 0x00, 0x01, 0xFF,
  0x80, 0x00, 0x03, 0xFF, 0x00, 0x00, 0x07, 0xFF, 0xFF, 0xFF, 0xFF, 0xFF,
  0xFF, 0xFF, 0xFF, 0xFF, 0xFF, 0xFF, 0xFF, 0xFF, 0xFF, 0xFF, 0xFF, 0xFF,
  0xFF, 0xFF, 0xF8, 0xFF, 0xFF, 0xFF, 0xFF, 0xFF, 0xFF, 0xFF, 0xFF, 0xFF,
  0xFF, 0xFF, 0xFF, 0xFF, 0xFF, 0xFF, 0xFF, 0xFF, 0xFF, 0xFF, 0xFF, 0x00,
  0x00, 0x07, 0xFE, 0x00, 0x00, 0x0F, 0xFC, 0x00, 0x00, 0x1F, 0xF8, 0x00,
  0x00, 0x3F, 0xF0, 0x00, 0x00, 0x7F, 0xE0, 0x00, 0x00, 0xFF, 0xC0, 0x00,
  0x01, 0xFF, 0x80, 0x00, 0x03, 0xFF, 0x00, 0x00, 0x07, 0xFE, 0x00, 0x00,
  0x0F, 0xFC, 0x00, 0x00, 0x1F, 0xF8, 0x00, 0x00, 0x3F, 0xF0, 0x00, 0x00,
  0x7F, 0xE0, 0x00, 0x00, 0xFF, 0xC0, 0x00, 0x01, 0xFF, 0x80, 0x00, 0x03,
  0xFF, 0x00, 0x00, 0x07, 0xFE, 0x00, 0x00, 0x0F, 0xFC, 0x00, 0x00, 0x1F,
  0xF8, 0x00, 0x00, 0x3F, 0xF0, 0x00, 0x00, 0x7F, 0xE0, 0x00, 0x00, 0xFF,
  0xC0, 0x00, 0x01, 0xFF, 0x80, 0x00, 0x03, 0xFF, 0x00, 0x00, 0x07, 0xFE,
  0x00, 0x00, 0x0F, 0xFC, 0x00, 0x00, 0x1F, 0xF8, 0x00, 0x00, 0x3F, 0xF0,
  0x00, 0x00, 0x7F, 0xE0, 0x00, 0x00, 0xFF, 0xC0, 0x00, 0x01, 0xFF, 0x80,
  0x00, 0x03, 0xFF, 0x00, 0x00, 0x07, 0xFE, 0x00, 0x00, 0x0F, 0xFC, 0x00,
  0x00, 0x1F, 0xF8, 0x00, 0x00, 0x3F, 0xF0, 0x00, 0x00, 0x7F, 0xE0, 0x00,
  0x00, 0xFF, 0xC0, 0x00, 0x01, 0xFF, 0x80, 0x00, 0x03, 0xFF, 0x00, 0x00,
  0x07, 0xFF, 0xFF, 0xFF, 0xFF, 0xFF, 0xFF, 0xFF, 0xFF, 0xFF, 0xFF, 0xFF,
  0xFF, 0xFF, 0xFF, 0xFF, 0xFF, 0xFF, 0xFF, 0xFF, 0xF8, 0xFF, 0xFF, 0xFF,
  0xFF, 0xFF, 0xFF, 0xFF, 0xFF, 0xFF, 0xFF, 0xFF, 0xFF, 0xFF, 0xFF, 0xFF,
  0xFF, 0xFF, 0xFF, 0xFF, 0xFF, 0x00, 0x00, 0x07, 0xFE, 0x00, 0x00, 0x0F,
  0xFC, 0x00, 0x00, 0x1F, 0xF8, 0x00, 0x00, 0x3F, 0xF0, 0x00, 0x00, 0x7F,
  0xE0, 0x00, 0x00, 0xFF, 0xC0, 0x00, 0x01, 0xFF, 0x80, 0x00, 0x03, 0xFF,
  0x00, 0x00, 0x07, 0xFE, 0x00, 0x00, 0x0F, 0xFC, 0x00, 0x00, 0x1F, 0xF8,
  0x00, 0x00, 0x3F, 0xF0, 0x00, 0x00, 0x7F, 0xE0, 0x00, 0x00, 0xFF, 0xC0,
  0x00, 0x01, 0xFF, 0x80, 0x00, 0x03, 0xFF, 0x00, 0x00, 0x07, 0xFE, 0x00,
  0x00, 0x0F, 0xFC, 0x00, 0x00, 0x1F, 0xF8, 0x00, 0x00, 0x3F, 0xF0, 0x00,
  0x00, 0x7F, 0xE0, 0x00, 0x00, 0xFF, 0xC0, 0x00, 0x01, 0xFF, 0x80, 0x00,
  0x03, 0xFF, 0x00, 0x00, 0x07, 0xFE, 0x00, 0x00, 0x0F, 0xFC, 0x00, 0x00,
  0x1F, 0xF8, 0x00, 0x00, 0x3F, 0xF0, 0x00, 0x00, 0x7F, 0xE0, 0x00, 0x00,
  0xFF, 0xC0, 0x00, 0x01, 0xFF, 0x80, 0x00, 0x03, 0xFF, 0x00, 0x00, 0x07,
  0xFE, 0x00, 0x00, 0x0F, 0xFC, 0x00, 0x00, 0x1F, 0xF8, 0x00, 0x00, 0x3F,
  0xF0, 0x00, 0x00, 0x7F, 0xE0, 0x00, 0x00, 0xFF, 0xC0, 0x00, 0x01, 0xFF,
  0x80, 0x00, 0x03, 0xFF, 0x00, 0x00, 0x07, 0xFF, 0xFF, 0xFF, 0xFF, 0xFF,
  0xFF, 0xFF, 0xFF, 0xFF, 0xFF, 0xFF, 0xFF, 0xFF, 0xFF, 0xFF, 0xFF, 0xFF,
  0xFF, 0xFF, 0xF8, 0xFF, 0xFF, 0xFF, 0xFF, 0xFF, 0xFF, 0xFF, 0xFF, 0xFF,
  0xFF, 0xFF, 0xFF, 0xFF, 0xFF, 0xFF, 0xFF, 0xFF, 0xFF, 0xFF, 0xFF, 0x00,
  0x00, 0x07, 0xFE, 0x00, 0x00, 0x0F, 0xFC, 0x00, 0x00, 0x1F, 0xF8, 0x00,
  0x00, 0x3F, 0xF0, 0x00, 0x00, 0x7F, 0xE0, 0x00, 0x00, 0xFF, 0xC0, 0x00,
  0x01, 0xFF, 0x80, 0x00, 0x03, 0xFF, 0x00, 0x00, 0x07, 0xFE, 0x00, 0x00,
  0x0F, 0xFC, 0x00, 0x00, 0x1F, 0xF8, 0x00, 0x00, 0x3F, 0xF0, 0x00, 0x00,
  0x7F, 0xE0, 0x00, 0x00, 0xFF, 0xC0, 0x00, 0x01, 0xFF, 0x80, 0x00, 0x03,
  0xFF, 0x00, 0x00, 0x07, 0xFE, 0x00, 0x00, 0x0F, 0xFC, 0x00, 0x00, 0x1F,
  0xF8, 0x00, 0x00, 0x3F, 0xF0, 0x00, 0x00, 0x7F, 0xE0, 0x00, 0x00, 0xFF,
  0xC0, 0x00, 0x01, 0xFF, 0x80, 0x00, 0x03, 0xFF, 0x00, 0x00, 0x07, 0xFE,
  0x00, 0x00, 0x0F, 0xFC, 0x00, 0x00, 0x1F, 0xF8, 0x00, 0x00, 0x3F, 0xF0,
  0x00, 0x00, 0x7F, 0xE0, 0x00, 0x00, 0xFF, 0xC0, 0x00, 0x01, 0xFF, 0x80,
  0x00, 0x03, 0xFF, 0x00, 0x00, 0x07, 0xFE, 0x00, 0x00, 0x0F, 0xFC, 0x00,
  0x00, 0x1F, 0xF8, 0x00, 0x00, 0x3F, 0xF0, 0x00, 0x00, 0x7F, 0xE0, 0x00,
  0x00, 0xFF, 0xC0, 0x00, 0x01, 0xFF, 0x80, 0x00, 0x03, 0xFF, 0x00, 0x00,
  0x07, 0xFF, 0xFF, 0xFF, 0xFF, 0xFF, 0xFF, 0xFF, 0xFF, 0xFF, 0xFF, 0xFF,
  0xFF, 0xFF, 0xFF, 0xFF, 0xFF, 0xFF, 0xFF, 0xFF, 0xF8, 0xFF, 0xFF, 0xFF,
  0xFF, 0xFF, 0xFF, 0xFF, 0xFF, 0xFF, 0xFF, 0xFF, 0xFF, 0xFF, 0xFF, 0xFF,
  0xFF, 0xFF, 0xFF, 0xFF, 0xFF, 0x00, 0x00, 0x07, 0xFE, 0x00, 0x00, 0x0F,
  0xFC, 0x00, 0x00, 0x1F, 0xF8, 0x00, 0x00, 0x3F, 0xF0, 0x00, 0x00, 0x7F,
  0xE0, 0x00, 0x00, 0xFF, 0xC0, 0x00, 0x01, 0xFF, 0x80, 0x00, 0x03, 0xFF,
  0x00, 0x00, 0x07, 0xFE, 0x00, 0x00, 0x0F, 0xFC, 0x00, 0x00, 0x1F, 0xF8,
  0x00, 0x00, 0x3F, 0xF0, 0x00, 0x00, 0x7F, 0xE0, 0x00, 0x00, 0xFF, 0xC0,
  0x00, 0x01, 0xFF, 0x80, 0x00, 0x03, 0xFF, 0x00, 0x00, 0x07, 0xFE, 0x00,
  0x00, 0x0F, 0xFC, 0x00, 0x00, 0x1F, 0xF8, 0x00, 0x00, 0x3F, 0xF0, 0x00,
  0x00, 0x7F, 0xE0, 0x00, 0x00, 0xFF, 0xC0, 0x00, 0x01, 0xFF, 0x80, 0x00,
  0x03, 0xFF, 0x00, 0x00, 0x07, 0xFE, 0x00, 0x00, 0x0F, 0xFC, 0x00, 0x00,
  0x1F, 0xF8, 0x00, 0x00, 0x3F, 0xF0, 0x00, 0x00, 0x7F, 0xE0, 0x00, 0x00,
  0xFF, 0xC0, 0x00, 0x01, 0xFF, 0x80, 0x00, 0x03, 0xFF, 0x00, 0x00, 0x07,
  0xFE, 0x00, 0x00, 0x0F, 0xFC, 0x00, 0x00, 0x1F, 0xF8, 0x00, 0x00, 0x3F,
  0xF0, 0x00, 0x00, 0x7F, 0xE0, 0x00, 0x00, 0xFF, 0xC0, 0x00, 0x01, 0xFF,
  0x80, 0x00, 0x03, 0xFF, 0x00, 0x00, 0x07, 0xFF, 0xFF, 0xFF, 0xFF, 0xFF,
  0xFF, 0xFF, 0xFF, 0xFF, 0xFF, 0xFF, 0xFF, 0xFF, 0xFF, 0xFF, 0xFF, 0xFF,
  0xFF, 0xFF, 0xF8, 0xFF, 0xFF, 0xFF, 0xFF, 0xFF, 0xFF, 0xFF, 0xFF, 0xFF,
  0xFF, 0xFF, 0xFF, 0xFF, 0xFF, 0xFF, 0xFF, 0xFF, 0xFF, 0xFF, 0xFF, 0x00,
  0x00, 0x07, 0xFE, 0x00, 0x00, 0x0F, 0xFC, 0x00, 0x00, 0x1F, 0xF8, 0x00,
  0x00, 0x3F, 0xF0, 0x00, 0x00, 0x7F, 0xE0, 0x00, 0x00, 0xFF, 0xC0, 0x00,
  0x01, 0xFF, 0x80, 0x00, 0x03, 0xFF, 0x00, 0x00, 0x07, 0xFE, 0x00, 0x00,
  0x0F, 0xFC, 0x00, 0x00, 0x1F, 0xF8, 0x00, 0x00, 0x3F, 0xF0, 0x00, 0x00,
  0x7F, 0xE0, 0x00, 0x00, 0xFF, 0xC0, 0x00, 0x01, 0xFF, 0x80, 0x00, 0x03,
  0xFF, 0x00, 0x00, 0x07, 0xFE, 0x00, 0x00, 0x0F, 0xFC, 0x00, 0x00, 0x1F,
  0xF8, 0x00, 0x00, 0x3F, 0xF0, 0x00, 0x00, 0x7F, 0xE0, 0x00, 0x00, 0xFF,
  0xC0, 0x00, 0x01, 0xFF, 0x80, 0x00, 0x03, 0xFF, 0x00, 0x00, 0x07, 0xFE,
  0x00, 0x00, 0x0F, 0xFC, 0x00, 0x00, 0x1F, 0xF8, 0x00, 0x00, 0x3F, 0xF0,
  0x00, 0x00, 0x7F, 0xE0, 0x00, 0x00, 0xFF, 0xC0, 0x00, 0x01, 0xFF, 0x80,
  0x00, 0x03, 0xFF, 0x00, 0x00, 0x07, 0xFE, 0x00, 0x00, 0x0F, 0xFC, 0x00,
  0x00, 0x1F, 0xF8, 0x00, 0x00, 0x3F, 0xF0, 0x00, 0x00, 0x7F, 0xE0, 0x00,
  0x00, 0xFF, 0xC0, 0x00, 0x01, 0xFF, 0x80, 0x00, 0x03, 0xFF, 0x00, 0x00,
  0x07, 0xFF, 0xFF, 0xFF, 0xFF, 0xFF, 0xFF, 0xFF, 0xFF, 0xFF, 0xFF, 0xFF,
  0xFF, 0xFF, 0xFF, 0xFF, 0xFF, 0xFF, 0xFF, 0xFF, 0xF8, 0xFF, 0xFF, 0xFF,
  0xFF, 0xFF, 0xFF, 0xFF, 0xFF, 0xFF, 0xFF, 0xFF, 0xFF, 0xFF, 0xFF, 0xFF,
  0xFF, 0xFF, 0xFF, 0xFF, 0xFF, 0x00, 0x00, 0x07, 0xFE, 0x00, 0x00, 0x0F,
  0xFC, 0x00, 0x00, 0x1F, 0xF8, 0x00, 0x00, 0x3F, 0xF0, 0x00, 0x00, 0x7F,
  0xE0, 0x00, 0x00, 0xFF, 0xC0, 0x00, 0x01, 0xFF, 0x80, 0x00, 0x03, 0xFF,
  0x00, 0x00, 0x07, 0xFE, 0x00, 0x00, 0x0F, 0xFC, 0x00, 0x00, 0x1F, 0xF8,
  0x00, 0x00, 0x3F, 0xF0, 0x00, 0x00, 0x7F, 0xE0, 0x00, 0x00, 0xFF, 0xC0,
  0x00, 0x01, 0xFF, 0x80, 0x00, 0x03, 0xFF, 0x00, 0x00, 0x07, 0xFE, 0x00,
  0x00, 0x0F, 0xFC, 0x00, 0x00, 0x1F, 0xF8, 0x00, 0x00, 0x3F, 0xF0, 0x00,
  0x00, 0x7F, 0xE0, 0x00, 0x00, 0xFF, 0xC0, 0x00, 0x01, 0xFF, 0x80, 0x00,
  0x03, 0xFF, 0x00, 0x00, 0x07, 0xFE, 0x00, 0x00, 0x0F, 0xFC, 0x00, 0x00,
  0x1F, 0xF8, 0x00, 0x00, 0x3F, 0xF0, 0x00, 0x00, 0x7F, 0xE0, 0x00, 0x00,
  0xFF, 0xC0, 0x00, 0x01, 0xFF, 0x80, 0x00, 0x03, 0xFF, 0x00, 0x00, 0x07,
  0xFE, 0x00, 0x00, 0x0F, 0xFC, 0x00, 0x00, 0x1F, 0xF8, 0x00, 0x00, 0x3F,
  0xF0, 0x00, 0x00, 0x7F, 0xE0, 0x00, 0x00, 0xFF, 0xC0, 0x00, 0x01, 0xFF,
  0x80, 0x00, 0x03, 0xFF, 0x00, 0x00, 0x07, 0xFF, 0xFF, 0xFF, 0xFF, 0xFF,
  0xFF, 0xFF, 0xFF, 0xFF, 0xFF, 0xFF, 0xFF, 0xFF, 0xFF, 0xFF, 0xFF, 0xFF,
  0xFF, 0xFF, 0xF8, 0xFF, 0xFF, 0xFF, 0xFF, 0xFF, 0xFF, 0xFF, 0xFF, 0xFF,
  0xFF, 0xFF, 0xFF, 0xFF, 0xFF, 0xFF, 0xFF, 0xFF, 0xFF, 0xFF, 0xFF, 0x00,
  0x00, 0x07, 0xFE, 0x00, 0x00, 0x0F, 0xFC, 0x00, 0x00, 0x1F, 0xF8, 0x00,
  0x00, 0x3F, 0xF0, 0x00, 0x00, 0x7F, 0xE0, 0x00, 0x00, 0xFF, 0xC0, 0x00,
  0x01, 0xFF, 0x80, 0x00, 0x03, 0xFF, 0x00, 0x00, 0x07, 0xFE, 0x00, 0x00,
  0x0F, 0xFC, 0x00, 0x00, 0x1F, 0xF8, 0x00, 0x00, 0x3F, 0xF0, 0x00, 0x00,
  0x7F, 0xE0, 0x00, 0x00, 0xFF, 0xC0, 0x00, 0x01, 0xFF, 0x80, 0x00, 0x03,
  0xFF, 0x00, 0x00, 0x07, 0xFE, 0x00, 0x00, 0x0F, 0xFC, 0x00, 0x00, 0x1F,
  0xF8, 0x00, 0x00, 0x3F, 0xF0, 0x00, 0x00, 0x7F, 0xE0, 0x00, 0x00, 0xFF,
  0xC0, 0x00, 0x01, 0xFF, 0x80, 0x00, 0x03, 0xFF, 0x00, 0x00, 0x07, 0xFE,
  0x00, 0x00, 0x0F, 0xFC, 0x00, 0x00, 0x1F, 0xF8, 0x00, 0x00, 0x3F, 0xF0,
  0x00, 0x00, 0x7F, 0xE0, 0x00, 0x00, 0xFF, 0xC0, 0x00, 0x01, 0xFF, 0x80,
  0x00, 0x03, 0xFF, 0x00, 0x00, 0x07, 0xFE, 0x00, 0x00, 0x0F, 0xFC, 0x00,
  0x00, 0x1F, 0xF8, 0x00, 0x00, 0x3F, 0xF0, 0x00, 0x00, 0x7F, 0xE0, 0x00,
  0x00, 0xFF, 0xC0, 0x00, 0x01, 0xFF, 0x80, 0x00, 0x03, 0xFF, 0x00, 0x00,
  0x07, 0xFF, 0xFF, 0xFF, 0xFF, 0xFF, 0xFF, 0xFF, 0xFF, 0xFF, 0xFF, 0xFF,
  0xFF, 0xFF, 0xFF, 0xFF, 0xFF, 0xFF, 0xFF, 0xFF, 0xF8, 0xFF, 0xFF, 0xFF,
  0xFF, 0xFF, 0xFF, 0xFF, 0xFF, 0xFF, 0xFF, 0xFF, 0xFF, 0xFF, 0xFF, 0xFF,
  0xFF, 0xFF, 0xFF, 0xFF, 0xFF, 0x00, 0x00, 0x07, 0xFE, 0x00, 0x00, 0x0F,
  0xFC, 0x00, 0x00, 0x1F, 0xF8, 0x00, 0x00, 0x3F, 0xF0, 0x00, 0x00, 0x7F,
  0xE0, 0x00, 0x00, 0xFF, 0xC0, 0x00, 0x01, 0xFF, 0x80, 0x00, 0x03, 0xFF,
  0x00, 0x00, 0x07, 0xFE, 0x00, 0x00, 0x0F, 0xFC, 0x00, 0x00, 0x1F, 0xF8,
  0x00, 0x00, 0x3F, 0xF0, 0x00, 0x00, 0x7F, 0xE0, 0x00, 0x00, 0xFF, 0xC0,
  0x00, 0x01, 0xFF, 0x80, 0x00, 0x03, 0xFF, 0x00, 0x00, 0x07, 0xFE, 0x00,
  0x00, 0x0F, 0xFC, 0x00, 0x00, 0x1F, 0xF8, 0x00, 0x00, 0x3F, 0xF0, 0x00,
  0x00, 0x7F, 0xE0, 0x00, 0x00, 0xFF, 0xC0, 0x00, 0x01, 0xFF, 0x80, 0x00,
  0x03, 0xFF, 0x00, 0x00, 0x07, 0xFE, 0x00, 0x00, 0x0F, 0xFC, 0x00, 0x00,
  0x1F, 0xF8, 0x00, 0x00, 0x3F, 0xF0, 0x00, 0x00, 0x7F, 0xE0, 0x00, 0x00,
  0xFF, 0xC0, 0x00, 0x01, 0xFF, 0x80, 0x00, 0x03, 0xFF, 0x00, 0x00, 0x07,
  0xFE, 0x00, 0x00, 0x0F, 0xFC, 0x00, 0x00, 0x1F, 0xF8, 0x00, 0x00, 0x3F,
  0xF0, 0x00, 0x00, 0x7F, 0xE0, 0x00, 0x00, 0xFF, 0xC0, 0x00, 0x01, 0xFF,
  0x80, 0x00, 0x03, 0xFF, 0x00, 0x00, 0x07, 0xFF, 0xFF, 0xFF, 0xFF, 0xFF,
  0xFF, 0xFF, 0xFF, 0xFF, 0xFF, 0xFF, 0xFF, 0xFF, 0xFF, 0xFF, 0xFF, 0xFF,
  0xFF, 0xFF, 0xF8, 0xFF, 0xFF, 0xFF, 0xFF, 0xFF, 0xFF, 0xFF, 0xFF, 0xFF,
  0xFF, 0xFF, 0xFF, 0xFF, 0xFF, 0xFF, 0xFF, 0xFF, 0xFF, 0xFF, 0xFF, 0x00,
  0x00, 0x07, 0xFE, 0x00, 0x00, 0x0F, 0xFC, 0x00, 0x00, 0x1F, 0xF8, 0x00,
  0x00, 0x3F, 0xF0, 0x00, 0x00, 0x7F, 0xE0, 0x00, 0x00, 0xFF, 0xC0, 0x00,
  0x01, 0xFF, 0x80, 0x00, 0x03, 0xFF, 0x00, 0x00, 0x07, 0xFE, 0x00, 0x00,
  0x0F, 0xFC, 0x00, 0x00, 0x1F, 0xF8, 0x00, 0x00, 0x3F, 0xF0, 0x00, 0x00,
  0x7F, 0xE0, 0x00, 0x00, 0xFF, 0xC0, 0x00, 0x01, 0xFF, 0x80, 0x00, 0x03,
  0xFF, 0x00, 0x00, 0x07, 0xFE, 0x00, 0x00, 0x0F, 0xFC, 0x00, 0x00, 0x1F,
  0xF8, 0x00, 0x00, 0x3F, 0xF0, 0x00, 0x00, 0x7F, 0xE0, 0x00, 0x00, 0xFF,
  0xC0, 0x00, 0x01, 0xFF, 0x80, 0x00, 0x03, 0xFF, 0x00, 0x00, 0x07, 0xFE,
  0x00, 0x00, 0x0F, 0xFC, 0x00, 0x00, 0x1F, 0xF8, 0x00, 0x00, 0x3F, 0xF0,
  0x00, 0x00, 0x7F, 0xE0, 0x00, 0x00, 0xFF, 0xC0, 0x00, 0x01, 0xFF, 0x80,
  0x00, 0x03, 0xFF, 0x00, 0x00, 0x07, 0xFE, 0x00, 0x00, 0x0F, 0xFC, 0x00,
  0x00, 0x1F, 0xF8, 0x00, 0x00, 0x3F, 0xF0, 0x00, 0x00, 0x7F, 0xE0, 0x00,
  0x00, 0xFF, 0xC0, 0x00, 0x01, 0xFF, 0x80, 0x00, 0x03, 0xFF, 0x00, 0x00,
  0x07, 0xFF, 0xFF, 0xFF, 0xFF, 0xFF, 0xFF, 0xFF, 0xFF, 0xFF, 0xFF, 0xFF,
  0xFF, 0xFF, 0xFF, 0xFF, 0xFF, 0xFF, 0xFF, 0xFF, 0xF8, 0xFF, 0xFF, 0xFF,
  0xFF, 0xFF, 0xFF, 0xFF, 0xFF, 0xFF, 0xFF, 0xFF, 0xFF, 0xFF, 0xFF, 0xFF,
  0xFF, 0xFF, 0xFF, 0xFF, 0xFF, 0x00, 0x00, 0x07, 0xFE, 0x00, 0x00, 0x0F,
  0xFC, 0x00, 0x00, 0x1F, 0xF8, 0x00, 0x00, 0x3F, 0xF0, 0x00, 0x00, 0x7F,
  0xE0, 0x00, 0x00, 0xFF, 0xC0, 0x00, 0x01, 0xFF, 0x80, 0x00, 0x03, 0xFF,
  0x00, 0x00, 0x07, 0xFE, 0x00, 0x00, 0x0F, 0xFC, 0x00, 0x00, 0x1F, 0xF8,
  0x00, 0x00, 0x3F, 0xF0, 0x00, 0x00, 0x7F, 0xE0, 0x00, 0x00, 0xFF, 0xC0,
  0x00, 0x01, 0xFF, 0x80, 0x00, 0x03, 0xFF, 0x00, 0x00, 0x07, 0xFE, 0x00,
  0x00, 0x0F, 0xFC, 0x00, 0x00, 0x1F, 0xF8, 0x00, 0x00, 0x3F, 0xF0, 0x00,
  0x00, 0x7F, 0xE0, 0x00, 0x00, 0xFF, 0xC0, 0x00, 0x01, 0xFF, 0x80, 0x00,
  0x03, 0xFF, 0x00, 0x00, 0x07, 0xFE, 0x00, 0x00, 0x0F, 0xFC, 0x00, 0x00,
  0x1F, 0xF8, 0x00, 0x00, 0x3F, 0xF0, 0x00, 0x00, 0x7F, 0xE0, 0x00, 0x00,
  0xFF, 0xC0, 0x00, 0x01, 0xFF, 0x80, 0x00, 0x03, 0xFF, 0x00, 0x00, 0x07,
  0xFE, 0x00, 0x00, 0x0F, 0xFC, 0x00, 0x00, 0x1F, 0xF8, 0x00, 0x00, 0x3F,
  0xF0, 0x00, 0x00, 0x7F, 0xE0, 0x00, 0x00, 0xFF, 0xC0, 0x00, 0x01, 0xFF,
  0x80, 0x00, 0x03, 0xFF, 0x00, 0x00, 0x07, 0xFF, 0xFF, 0xFF, 0xFF, 0xFF,
  0xFF, 0xFF, 0xFF, 0xFF, 0xFF, 0xFF, 0xFF, 0xFF, 0xFF, 0xFF, 0xFF, 0xFF,
  0xFF, 0xFF, 0xF8, 0xFF, 0xFF, 0xFF, 0xFF, 0xFF, 0xFF, 0xFF, 0xFF, 0xFF,
  0xFF, 0xFF, 0xFF, 0xFF, 0xFF, 0xFF, 0xFF, 0xFF, 0xFF, 0xFF, 0xFF, 0x00,
  0x00, 0x07, 0xFE, 0x00, 0x00, 0x0F, 0xFC, 0x00, 0x00, 0x1F, 0xF8, 0x00,
  0x00, 0x3F, 0xF0, 0x00, 0x00, 0x7F, 0xE0, 0x00, 0x00, 0xFF, 0xC0, 0x00,
  0x01, 0xFF, 0x80, 0x00, 0x03, 0xFF, 0x00, 0x00, 0x07, 0xFE, 0x00, 0x00,
  0x0F, 0xFC, 0x00, 0x00, 0x1F, 0xF8, 0x00, 0x00, 0x3F, 0xF0, 0x00, 0x00,
  0x7F, 0xE0, 0x00, 0x00, 0xFF, 0xC0, 0x00, 0x01, 0xFF, 0x80, 0x00, 0x03,
  0xFF, 0x00, 0x00, 0x07, 0xFE, 0x00, 0x00, 0x0F, 0xFC, 0x00, 0x00, 0x1F,
  0xF8, 0x00, 0x00, 0x3F, 0xF0, 0x00, 0x00, 0x7F, 0xE0, 0x00, 0x00, 0xFF,
  0xC0, 0x00, 0x01, 0xFF, 0x80, 0x00, 0x03, 0xFF, 0x00, 0x00, 0x07, 0xFE,
  0x00, 0x00, 0x0F, 0xFC, 0x00, 0x00, 0x1F, 0xF8, 0x00, 0x00, 0x3F, 0xF0,
  0x00, 0x00, 0x7F, 0xE0, 0x00, 0x00, 0xFF, 0xC0, 0x00, 0x01, 0xFF, 0x80,
  0x00, 0x03, 0xFF, 0x00, 0x00, 0x07, 0xFE, 0x00, 0x00, 0x0F, 0xFC, 0x00,
  0x00, 0x1F, 0xF8, 0x00, 0x00, 0x3F, 0xF0, 0x00, 0x00, 0x7F, 0xE0, 0x00,
  0x00, 0xFF, 0xC0, 0x00, 0x01, 0xFF, 0x80, 0x00, 0x03, 0xFF, 0x00, 0x00,
  0x07, 0xFF, 0xFF, 0xFF, 0xFF, 0xFF, 0xFF, 0xFF, 0xFF, 0xFF, 0xFF, 0xFF,
  0xFF, 0xFF, 0xFF, 0xFF, 0xFF, 0xFF, 0xFF, 0xFF, 0xF8, 0xFF, 0xFF, 0xFF,
  0xFF, 0xFF, 0xFF, 0xFF, 0xFF, 0xFF, 0xFF, 0xFF, 0xFF, 0xFF, 0xFF, 0xFF,
  0xFF, 0xFF, 0xFF, 0xFF, 0xFF, 0x00, 0x00, 0x07, 0xFE, 0x00, 0x00, 0x0F,
  0xFC, 0x00, 0x00, 0x1F, 0xF8, 0x00, 0x00, 0x3F, 0xF0, 0x00, 0x00, 0x7F,
  0xE0, 0x00, 0x00, 0xFF, 0xC0, 0x00, 0x01, 0xFF, 0x80, 0x00, 0x03, 0xFF,
  0x00, 0x00, 0x07, 0xFE, 0x00, 0x00, 0x0F, 0xFC, 0x00, 0x00, 0x1F, 0xF8,
  0x00, 0x00, 0x3F, 0xF0, 0x00, 0x00, 0x7F, 0xE0, 0x00, 0x00, 0xFF, 0xC0,
  0x00, 0x01, 0xFF, 0x80, 0x00, 0x03, 0xFF, 0x00, 0x00, 0x07, 0xFE, 0x00,
  0x00, 0x0F, 0xFC, 0x00, 0x00, 0x1F, 0xF8, 0x00, 0x00, 0x3F, 0xF0, 0x00,
  0x00, 0x7F, 0xE0, 0x00, 0x00, 0xFF, 0xC0, 0x00, 0x01, 0xFF, 0x80, 0x00,
  0x03, 0xFF, 0x00, 0x00, 0x07, 0xFE, 0x00, 0x00, 0x0F, 0xFC, 0x00, 0x00,
  0x1F, 0xF8, 0x00, 0x00, 0x3F, 0xF0, 0x00, 0x00, 0x7F, 0xE0, 0x00, 0x00,
  0xFF, 0xC0, 0x00, 0x01, 0xFF, 0x80, 0x00, 0x03, 0xFF, 0x00, 0x00, 0x07,
  0xFE, 0x00, 0x00, 0x0F, 0xFC, 0x00, 0x00, 0x1F, 0xF8, 0x00, 0x00, 0x3F,
  0xF0, 0x00, 0x00, 0x7F, 0xE0, 0x00, 0x00, 0xFF, 0xC0, 0x00, 0x01, 0xFF,
  0x80, 0x00, 0x03, 0xFF, 0x00, 0x00, 0x07, 0xFF, 0xFF, 0xFF, 0xFF, 0xFF,
  0xFF, 0xFF, 0xFF, 0xFF, 0xFF, 0xFF, 0xFF, 0xFF, 0xFF, 0xFF, 0xFF, 0xFF,
  0xFF, 0xFF, 0xF8, 0xFF, 0xFF, 0xFF, 0xFF, 0xFF, 0xFF, 0xFF, 0xFF, 0xFF,
  0xFF, 0xFF, 0xFF, 0xFF, 0xFF, 0xFF, 0xFF, 0xFF, 0xFF, 0xFF, 0xFF, 0x00,
  0x00, 0x07, 0xFE, 0x00, 0x00, 0x0F, 0xFC, 0x00, 0x00, 0x1F, 0xF8, 0x00,
  0x00, 0x3F, 0xF0, 0x00, 0x00, 0x7F, 0xE0, 0x00, 0x00, 0xFF, 0xC0, 0x00,
  0x01, 0xFF, 0x80, 0x00, 0x03, 0xFF, 0x00, 0x00, 0x07, 0xFE, 0x00, 0x00,
  0x0F, 0xFC, 0x00, 0x00, 0x1F, 0xF8, 0x00, 0x00, 0x3F, 0xF0, 0x00, 0x00,
  0x7F, 0xE0, 0x00, 0x00, 0xFF, 0xC0, 0x00, 0x01, 0xFF, 0x80, 0x00, 0x03,
  0xFF, 0x00, 0x00, 0x07, 0xFE, 0x00, 0x00, 0x0F, 0xFC, 0x00, 0x00, 0x1F,
  0xF8, 0x00, 0x00, 0x3F, 0xF0, 0x00, 0x00, 0x7F, 0xE0, 0x00, 0x00, 0xFF,
  0xC0, 0x00, 0x01, 0xFF, 0x80, 0x00, 0x03, 0xFF, 0x00, 0x00, 0x07, 0xFE,
  0x00, 0x00, 0x0F, 0xFC, 0x00, 0x00, 0x1F, 0xF8, 0x00, 0x00, 0x3F, 0xF0,
  0x00, 0x00, 0x7F, 0xE0, 0x00, 0x00, 0xFF, 0xC0, 0x00, 0x01, 0xFF, 0x80,
  0x00, 0x03, 0xFF, 0x00, 0x00, 0x07, 0xFE, 0x00, 0x00, 0x0F, 0xFC, 0x00,
  0x00, 0x1F, 0xF8, 0x00, 0x00, 0x3F, 0xF0, 0x00, 0x00, 0x7F, 0xE0, 0x00,
  0x00, 0xFF, 0xC0, 0x00, 0x01, 0xFF, 0x80, 0x00, 0x03, 0xFF, 0x00, 0x00,
  0x07, 0xFF, 0xFF, 0xFF, 0xFF, 0xFF, 0xFF, 0xFF, 0xFF, 0xFF, 0xFF, 0xFF,
  0xFF, 0xFF, 0xFF, 0xFF, 0xFF, 0xFF, 0xFF, 0xFF, 0xF8, 0xFF, 0xFF, 0xFF,
  0xFF, 0xFF, 0xFF, 0xFF, 0xFF, 0xFF, 0xFF, 0xFF, 0xFF, 0xFF, 0xFF, 0xFF,
  0xFF, 0xFF, 0xFF, 0xFF, 0xFF, 0x00, 0x00, 0x07, 0xFE, 0x00, 0x00, 0x0F,
  0xFC, 0x00, 0x00, 0x1F, 0xF8, 0x00, 0x00, 0x3F, 0xF0, 0x00, 0x00, 0x7F,
  0xE0, 0x00, 0x00, 0xFF, 0xC0, 0x00, 0x01, 0xFF, 0x80, 0x00, 0x03, 0xFF,
  0x00, 0x00, 0x07, 0xFE, 0x00, 0x00, 0x0F, 0xFC, 0x00, 0x00, 0x1F, 0xF8,
  0x00, 0x00, 0x3F, 0xF0, 0x00, 0x00, 0x7F, 0xE0, 0x00, 0x00, 0xFF, 0xC0,
  0x00, 0x01, 0xFF, 0x80, 0x00, 0x03, 0xFF, 0x00, 0x00, 0x07, 0xFE, 0x00,
  0x00, 0x0F, 0xFC, 0x00, 0x00, 0x1F, 0xF8, 0x00, 0x00, 0x3F, 0xF0, 0x00,
  0x00, 0x7F, 0xE0, 0x00, 0x00, 0xFF, 0xC0, 0x00, 0x01, 0xFF, 0x80, 0x00,
  0x03, 0xFF, 0x00, 0x00, 0x07, 0xFE, 0x00, 0x00, 0x0F, 0xFC, 0x00, 0x00,
  0x1F, 0xF8, 0x00, 0x00, 0x3F, 0xF0, 0x00, 0x00, 0x7F, 0xE0, 0x00, 0x00,
  0xFF, 0xC0, 0x00, 0x01, 0xFF, 0x80, 0x00, 0x03, 0xFF, 0x00, 0x00, 0x07,
  0xFE, 0x00, 0x00, 0x0F, 0xFC, 0x00, 0x00, 0x1F, 0xF8, 0x00, 0x00, 0x3F,
  0xF0, 0x00, 0x00, 0x7F, 0xE0, 0x00, 0x00, 0xFF, 0xC0, 0x00, 0x01, 0xFF,
  0x80, 0x00, 0x03, 0xFF, 0x00, 0x00, 0x07, 0xFF, 0xFF, 0xFF, 0xFF, 0xFF,
  0xFF, 0xFF, 0xFF, 0xFF, 0xFF, 0xFF, 0xFF, 0xFF, 0xFF, 0xFF, 0xFF, 0xFF,
  0xFF, 0xFF, 0xF8, 0x00, 0x3F, 0x8F, 0xF9, 0xFF, 0x3F, 0xFF, 0xFF, 0xFF,
  0xFF, 0xFB, 0xFE, 0x7F, 0xC7, 0xF0, 0x7C, 0x00, 0x00, 0x00, 0x00, 0x07,
  0xC0, 0xF8, 0x1F, 0x83, 0xF0, 0x7E, 0x1F, 0xC3, 0xF8, 0x7F, 0x0F, 0xE1,
  0xFC, 0x3F, 0x87, 0xF0, 0xFE, 0x1F, 0xC3, 0xF8, 0x7F, 0x0F, 0xE1, 0xFC,
  0x3F, 0x87, 0xF0, 0xFE, 0x1F, 0xC3, 0xF8, 0x7F, 0x8F, 0xF3, 0xFE, 0x7F,
  0xCF, 0xF9, 0xFF, 0x3F, 0xE7, 0xFC, 0xFF, 0x9F, 0xF3, 0xFE, 0x7F, 0xCF,
  0xF9, 0xFF, 0x3F, 0xE0, 0x00, 0x00, 0xFC, 0x00, 0x00, 0x00, 0x7E, 0x00,
  0x00, 0x00, 0x3F, 0x00, 0x00, 0x00, 0x1F, 0x80, 0x00, 0x00, 0x0F, 0xC0,
  0x00, 0x00, 0x07, 0xF0, 0x00, 0x00, 0x1F, 0xFF, 0xE0, 0x00, 0x7F, 0xFF,
  0xFE, 0x00, 0xFF, 0xFF, 0xFF, 0x80, 0xFF, 0xFF, 0xFF, 0xC0, 0xFF, 0xFF,
  0xFF, 0xC0, 0xFF, 0xFF, 0xFF, 0xE0, 0xFF, 0xFC, 0x1F, 0xE0, 0xFF, 0xE0,
  0x00, 0x70, 0x7F, 0xE0, 0x00, 0x08, 0x7F, 0xE0, 0x00, 0x00, 0x3F, 0xE0,
  0x00, 0x00, 0x1F, 0xE0, 0x00, 0x00, 0x1F, 0xF0, 0x00, 0x00, 0x0F, 0xF0,
  0x00, 0x00, 0x07, 0xF8, 0x00, 0x00, 0x03, 0xFC, 0x00, 0x00, 0x03, 0xFE,
  0x00, 0x00, 0x01, 0xFE, 0x00, 0x00, 0x00, 0xFF, 0x00, 0x00, 0x00, 0x7F,
  0x80, 0x00, 0x00, 0x3F, 0xC0, 0x00, 0x00, 0x1F, 0xE0, 0x00, 0x00, 0x0F,
  0xF8, 0x00, 0x00, 0x03, 0xFC, 0x00, 0x00, 0x01, 0xFE, 0x00, 0x00, 0x00,
  0xFF, 0x00, 0x00, 0x00, 0x7F, 0x80, 0x00, 0x00, 0x3F, 0xE0, 0x00, 0x00,
  0x0F, 0xF0, 0x00, 0x00, 0x07, 0xFC, 0x00, 0x00, 0x03, 0xFF, 0x00, 0x00,
  0x00, 0xFF, 0xE0, 0x00, 0x18, 0x3F, 0xFC, 0x00, 0xFC, 0x1F, 0xFF, 0xFF,
  0xFE, 0x07, 0xFF, 0xFF, 0xFF, 0x01, 0xFF, 0xFF, 0xFF, 0x80, 0x3F, 0xFF,
  0xFF, 0xC0, 0x0F, 0xFF, 0xFF, 0xE0, 0x00, 0xFF, 0xFF, 0xC0, 0x00, 0x0F,
  0xFC, 0x00, 0x00, 0x03, 0xF0, 0x00, 0x00, 0x01, 0xF8, 0x00, 0x00, 0x00,
  0xFC, 0x00, 0x00, 0x00, 0x7E, 0x00, 0x00, 0x00, 0x3F, 0x00, 0x00, 0x00,
  0x1F, 0x80, 0x00, 0x00, 0x0F, 0xC0, 0x00, 0x00, 0x00, 0x7F, 0xF0, 0x00,
  0x00, 0x0F, 0xFF, 0xF8, 0x00, 0x01, 0xFF, 0xFF, 0xF0, 0x00, 0x1F, 0xFF,
  0xFF, 0xC0, 0x01, 0xFF, 0xFF, 0xFE, 0x00, 0x1F, 0xFF, 0xFF, 0xE0, 0x01,
  0xFF, 0xFF, 0xFF, 0x00, 0x0F, 0xF8, 0x01, 0xF0, 0x00, 0xFF, 0x80, 0x03,
  0x80, 0x07, 0xF8, 0x00, 0x00, 0x00, 0x3F, 0xC0, 0x00, 0x00, 0x01, 0xFE,
  0x00, 0x00, 0x00, 0x0F, 0xE0, 0x00, 0x00, 0x00, 0x7F, 0x00, 0x00, 0x00,
  0x03, 0xF8, 0x00, 0x00, 0x00, 0x1F, 0xC0, 0x00, 0x00, 0x00, 0xFE, 0x00,
  0x00, 0x00, 0x07, 0xF0, 0x00, 0x00, 0x00, 0x3F, 0x80, 0x00, 0x00, 0x01,
  0xFC, 0x00, 0x00, 0x00, 0x0F, 0xE0, 0x00, 0x00, 0x00, 0x7F, 0x00, 0x00,
  0x00, 0x03, 0xF8, 0x00, 0x00, 0x00, 0x1F, 0xC0, 0x00, 0x00, 0x7F, 0xFF,
  0xFF, 0xF8, 0x03, 0xFF, 0xFF, 0xFF, 0xC0, 0x1F, 0xFF, 0xFF, 0xFE, 0x00,
  0xFF, 0xFF, 0xFF, 0xF0, 0x07, 0xFF, 0xFF, 0xFF, 0x80, 0x3F, 0xFF, 0xFF,
  0xFC, 0x00, 0x03, 0xF8, 0x00, 0x00, 0x00, 0x1F, 0xC0, 0x00, 0x00, 0x00,
  0xFE, 0x00, 0x00, 0x00, 0x07, 0xF0, 0x00, 0x00, 0x00, 0x3F, 0x80, 0x00,
  0x00, 0x01, 0xFC, 0x00, 0x00, 0x00, 0x0F, 0xE0, 0x00, 0x00, 0x00, 0xFF,
  0x00, 0x00, 0x00, 0x07, 0xF8, 0x00, 0x00, 0x00, 0x3F, 0xC0, 0x00, 0x00,
  0x01, 0xFE, 0x00, 0x00, 0x00, 0x1F, 0xE0, 0x00, 0x00, 0x00, 0xFF, 0x00,
  0x00, 0x00, 0x0F, 0xF0, 0x00, 0x00, 0x01, 0xFF, 0x00, 0x00, 0x00, 0x7F,
  0xFF, 0xFF, 0xFF, 0xFF, 0xFF, 0xFF, 0xFF, 0xFF, 0xFF, 0xFF, 0xFF, 0xFF,
  0xFF, 0xFF, 0xFF, 0xFF, 0xFF, 0xFF, 0xFF, 0xFF, 0xFF, 0xFF, 0xFF, 0xFF,
  0xFF, 0xFF, 0xFF, 0xFF, 0xFF, 0xFF, 0xFF, 0xF0, 0x08, 0x00, 0x00, 0x08,
  0x0E, 0x00, 0x00, 0x0E, 0x0F, 0x80, 0xF8, 0x0F, 0x8F, 0xE3, 0xFF, 0x8F,
  0xEF, 0xFF, 0xFF, 0xFF, 0xFB, 0xFF, 0xFF, 0xFF, 0xF8, 0xFF, 0xFF, 0xFF,
  0xF8, 0x1F, 0xFF, 0xFF, 0xF8, 0x07, 0xF8, 0x0F, 0xF8, 0x07, 0xF8, 0x01,
  0xFC, 0x03, 0xF8, 0x00, 0x7F, 0x03, 0xF8, 0x00, 0x3F, 0x81, 0xF8, 0x00,
  0x0F, 0xC0, 0xFC, 0x00, 0x07, 0xE0, 0x7E, 0x00, 0x03, 0xF8, 0x3F, 0x00,
  0x01, 0xFC, 0x1F, 0x80, 0x00, 0xFE, 0x0F, 0xC0, 0x00, 0x7E, 0x07, 0xE0,
  0x00, 0x3F, 0x03, 0xF8, 0x00, 0x3F, 0x80, 0xFE, 0x00, 0x1F, 0xC0, 0x7F,
  0x80, 0x1F, 0xC0, 0x1F, 0xE0, 0x3F, 0xE0, 0x1F, 0xFF, 0xFF, 0xF0, 0x1F,
  0xFF, 0xFF, 0xFE, 0x1F, 0xFF, 0xFF, 0xFF, 0x9F, 0xFF, 0xFF, 0xFF, 0xCF,
  0xE3, 0xFF, 0x8F, 0xF3, 0xE0, 0x7E, 0x03, 0xE0, 0xE0, 0x00, 0x00, 0xE0,
  0x20, 0x00, 0x00, 0x20, 0xFF, 0x00, 0x00, 0x01, 0xFE, 0x7F, 0x80, 0x00,
  0x03, 0xFE, 0x7F, 0x80, 0x00, 0x03, 0xFC, 0x3F, 0xC0, 0x00, 0x07, 0xFC,
  0x3F, 0xC0, 0x00, 0x07, 0xF8, 0x1F, 0xE0, 0x00, 0x07, 0xF0, 0x1F, 0xE0,
  0x00, 0x0F, 0xF0, 0x0F, 0xE0, 0x00, 0x0F, 0xE0, 0x0F, 0xF0, 0x00, 0x1F,
  0xE0, 0x07, 0xF0, 0x00, 0x1F, 0xC0, 0x07, 0xF8, 0x00, 0x3F, 0xC0, 0x03,
  0xF8, 0x00, 0x3F, 0x80, 0x03, 0xFC, 0x00, 0x7F, 0x80, 0x01, 0xFC, 0x00,
  0x7F, 0x00, 0x01, 0xFE, 0x00, 0xFF, 0x00, 0x00, 0xFE, 0x00, 0xFE, 0x00,
  0x00, 0xFF, 0x01, 0xFE, 0x00, 0x00, 0x7F, 0x01, 0xFC, 0x00, 0x00, 0x7F,
  0x83, 0xFC, 0x00, 0x00, 0x3F, 0x83, 0xF8, 0x00, 0x00, 0x3F, 0xC3, 0xF8,
  0x00, 0x00, 0x1F, 0xC7, 0xF0, 0x00, 0x00, 0x1F, 0xC7, 0xF0, 0x00, 0x00,
  0x0F, 0xEF, 0xE0, 0x00, 0x00, 0x0F, 0xEF, 0xE0, 0x00, 0x00, 0x07, 0xFF,
  0xC0, 0x00, 0x07, 0xFF, 0xFF, 0xFF, 0xC0, 0x07, 0xFF, 0xFF, 0xFF, 0xC0,
  0x07, 0xFF, 0xFF, 0xFF, 0xC0, 0x07, 0xFF, 0xFF, 0xFF, 0xC0, 0x07, 0xFF,
  0xFF, 0xFF, 0xC0, 0x07, 0xFF, 0xFF, 0xFF, 0xC0, 0x00, 0x00, 0xFE, 0x00,
  0x00, 0x00, 0x00, 0xFE, 0x00, 0x00, 0x00, 0x00, 0xFE, 0x00, 0x00, 0x00,
  0x00, 0xFE, 0x00, 0x00, 0x07, 0xFF, 0xFF, 0xFF, 0xC0, 0x07, 0xFF, 0xFF,
  0xFF, 0xC0, 0x07, 0xFF, 0xFF, 0xFF, 0xC0, 0x07, 0xFF, 0xFF, 0xFF, 0xC0,
  0x07, 0xFF, 0xFF, 0xFF, 0xC0, 0x07, 0xFF, 0xFF, 0xFF, 0xC0, 0x00, 0x00,
  0xFE, 0x00, 0x00, 0x00, 0x00, 0xFE, 0x00, 0x00, 0x00, 0x00, 0xFE, 0x00,
  0x00, 0x00, 0x00, 0xFE, 0x00, 0x00, 0x00, 0x00, 0xFE, 0x00, 0x00, 0x00,
  0x00, 0xFE, 0x00, 0x00, 0x00, 0x00, 0xFE, 0x00, 0x00, 0x00, 0x00, 0xFE,
  0x00, 0x00, 0x00, 0x00, 0xFE, 0x00, 0x00, 0xFF, 0xFF, 0xFF, 0xFF, 0xFF,
  0xFF, 0xFF, 0xFF, 0xFF, 0xFF, 0xFF, 0xFF, 0xFF, 0xFF, 0xFF, 0xFF, 0xFF,
  0xFF, 0xFF, 0xFF, 0xFF, 0xFF, 0xFF, 0xFF, 0xFF, 0xE0, 0x00, 0x00, 0x00,
  0x00, 0x00, 0x00, 0x00, 0x00, 0x00, 0x00, 0x00, 0x07, 0xFF, 0xFF, 0xFF,
  0xFF, 0xFF, 0xFF, 0xFF, 0xFF, 0xFF, 0xFF, 0xFF, 0xFF, 0xFF, 0xFF, 0xFF,
  0xFF, 0xFF, 0xFF, 0xFF, 0xFF, 0xFF, 0xFF, 0xFF, 0xFF, 0xFF, 0x00, 0x7F,
  0xF0, 0x00, 0x7F, 0xFF, 0xE0, 0x3F, 0xFF, 0xFF, 0x0F, 0xFF, 0xFF, 0xF3,
  0xFF, 0xFF, 0xFC, 0xFF, 0xFF, 0xFF, 0x9F, 0xFC, 0x3F, 0xF3, 0xFC, 0x00,
  0x3C, 0xFF, 0x00, 0x01, 0x9F, 0xE0, 0x00, 0x03, 0xFC, 0x00, 0x00, 0x3F,
  0xC0, 0x00, 0x07, 0xFC, 0x00, 0x00, 0xFF, 0xC0, 0x00, 0x0F, 0xFF, 0x00,
  0x00, 0xFF, 0xF8, 0x00, 0x0F, 0xFF, 0xC0, 0x00, 0xFF, 0xFE, 0x00, 0x3F,
  0xFF, 0xF0, 0x0F, 0xFF, 0xFF, 0x03, 0xFE, 0xFF, 0xF0, 0x7F, 0x07, 0xFF,
  0x1F, 0xC0, 0x3F, 0xF3, 0xF8, 0x01, 0xFF, 0x7E, 0x00, 0x1F, 0xFF, 0xC0,
  0x01, 0xFF, 0xF8, 0x00, 0x3F, 0xFF, 0x80, 0x07, 0xF7, 0xF0, 0x00, 0xFE,
  0xFF, 0x00, 0x1F, 0xDF, 0xF0, 0x03, 0xF9, 0xFF, 0x80, 0xFF, 0x3F, 0xFC,
  0x1F, 0xC3, 0xFF, 0xE7, 0xF8, 0x3F, 0xFF, 0xFE, 0x03, 0xFF, 0xFF, 0x80,
  0x1F, 0xFF, 0xE0, 0x00, 0xFF, 0xFE, 0x00, 0x07, 0xFF, 0xE0, 0x00, 0x1F,
  0xFE, 0x00, 0x00, 0xFF, 0xC0, 0x00, 0x07, 0xFC, 0x00, 0x00, 0x7F, 0x80,
  0x00, 0x0F, 0xF0, 0x00, 0x00, 0xFE, 0x00, 0x00, 0x1F, 0xF0, 0x00, 0x07,
  0xFF, 0x80, 0x01, 0xFF, 0xFF, 0x00, 0xFF, 0xFF, 0xFF, 0xFF, 0xFB, 0xFF,
  0xFF, 0xFE, 0x7F, 0xFF, 0xFF, 0x8F, 0xFF, 0xFF, 0xE0, 0xFF, 0xFF, 0xF8,
  0x03, 0xFF, 0xF8, 0x00, 0x18, 0x00, 0xC3, 0xF0, 0x1F, 0xBF, 0xC1, 0xFF,
  0xFE, 0x0F, 0xFF, 0xF0, 0x7F, 0xFF, 0x83, 0xFF, 0xFC, 0x1F, 0xEF, 0xC0,
  0x7F, 0x3C, 0x01, 0xE0, 0x00, 0x00, 0x7F, 0xF0, 0x00, 0x00, 0x00, 0x1F,
  0xFF, 0xF8, 0x00, 0x00, 0x03, 0xFF, 0xFF, 0xF0, 0x00, 0x00, 0x7F, 0xFF,
  0xFF, 0xC0, 0x00, 0x07, 0xFF, 0xFF, 0xFF, 0x00, 0x00, 0x7F, 0xE0, 0x0F,
  0xFC, 0x00, 0x07, 0xF8, 0x00, 0x0F, 0xF0, 0x00, 0x7F, 0x80, 0x00, 0x1F,
  0xC0, 0x07, 0xF0, 0x00, 0x00, 0x7F, 0x00, 0x3F, 0x00, 0x00, 0x01, 0xFC,
  0x03, 0xF0, 0x0F, 0xFF, 0x07, 0xE0, 0x1F, 0x81, 0xFF, 0xFF, 0x1F, 0x81,
  0xF8, 0x1F, 0xFF, 0xFC, 0xFC, 0x0F, 0x81, 0xFF, 0xFF, 0xC3, 0xF0, 0xFC,
  0x1F, 0xFF, 0xFE, 0x1F, 0x87, 0xC1, 0xFF, 0xFF, 0xE0, 0x7C, 0x3E, 0x1F,
  0xF8, 0x0F, 0x03, 0xF3, 0xF0, 0xFF, 0x00, 0x00, 0x1F, 0x9F, 0x8F, 0xF0,
  0x00, 0x00, 0x7C, 0xF8, 0x7F, 0x00, 0x00, 0x03, 0xE7, 0xC3, 0xF8, 0x00,
  0x00, 0x1F, 0x3E, 0x3F, 0xC0, 0x00, 0x00, 0xF9, 0xF1, 0xFC, 0x00, 0x00,
  0x07, 0xEF, 0x8F, 0xE0, 0x00, 0x00, 0x3F, 0x7C, 0x7F, 0x00, 0x00, 0x01,
  0xFF, 0xE3, 0xF8, 0x00, 0x00, 0x0F, 0xFF, 0x1F, 0xC0, 0x00, 0x00, 0x7F,
  0xF8, 0xFE, 0x00, 0x00, 0x03, 0xF7, 0xC7, 0xF0, 0x00, 0x00, 0x1F, 0xBE,
  0x3F, 0x80, 0x00, 0x00, 0xFD, 0xF1, 0xFC, 0x00, 0x00, 0x07, 0xCF, 0x8F,
  0xF0, 0x00, 0x00, 0x3E, 0x7C, 0x3F, 0x80, 0x00, 0x01, 0xF3, 0xE1, 0xFE,
  0x00, 0x00, 0x0F, 0x9F, 0x8F, 0xF0, 0x00, 0x00, 0x7C, 0xFC, 0x3F, 0xC0,
  0x02, 0x07, 0xE3, 0xE1, 0xFF, 0x80, 0xF0, 0x3E, 0x1F, 0x87, 0xFF, 0xFF,
  0x81, 0xF0, 0xFC, 0x1F, 0xFF, 0xFC, 0x1F, 0x83, 0xF0, 0x7F, 0xFF, 0xE0,
  0xF8, 0x1F, 0x81, 0xFF, 0xFF, 0x0F, 0xC0, 0x7E, 0x07, 0xFF, 0xF8, 0xFE,
  0x03, 0xF8, 0x07, 0xFE, 0x07, 0xE0, 0x0F, 0xE0, 0x00, 0x00, 0x7E, 0x00,
  0x3F, 0x80, 0x00, 0x0F, 0xF0, 0x01, 0xFE, 0x00, 0x00, 0xFF, 0x00, 0x07,
  0xFC, 0x00, 0x1F, 0xF0, 0x00, 0x1F, 0xFF, 0xFF, 0xFF, 0x00, 0x00, 0x7F,
  0xFF, 0xFF, 0xF0, 0x00, 0x00, 0xFF, 0xFF, 0xFF, 0x00, 0x00, 0x03, 0xFF,
  0xFF, 0xE0, 0x00, 0x00, 0x03, 0xFF, 0xF8, 0x00, 0x00, 0x00, 0x01, 0xFC,
  0x00, 0x00, 0x00, 0x01, 0xFF, 0x80, 0x0F, 0xFF, 0xF0, 0x3F, 0xFF, 0xF8,
  0x3F, 0xFF, 0xFC, 0x3F, 0xFF, 0xFE, 0x1F, 0xFF, 0xFE, 0x1C, 0x00, 0xFE,
  0x10, 0x00, 0x7F, 0x00, 0x00, 0x7F, 0x00, 0x3C, 0xFF, 0x07, 0xFF, 0xFF,
  0x1F, 0xFF, 0xFF, 0x3F, 0xFF, 0xFF, 0x7F, 0xFC, 0x7F, 0x7F, 0x00, 0x7F,
  0xFE, 0x00, 0x7F, 0xFE, 0x00, 0xFF, 0xFE, 0x00, 0xFF, 0xFE, 0x03, 0xFF,
  0xFF, 0x0F, 0xFF, 0xFF, 0xFF, 0xFF, 0x7F, 0xFF, 0xFF, 0x7F, 0xFF, 0xBF,
  0x3F, 0xFF, 0x3F, 0x1F, 0xFC, 0x3F, 0x07, 0xE0, 0x00, 0x00, 0x18, 0x00,
  0x60, 0x00, 0x78, 0x01, 0xE0, 0x01, 0xFC, 0x03, 0xF0, 0x03, 0xFC, 0x0F,
  0xF0, 0x0F, 0xF0, 0x3F, 0xC0, 0x3F, 0xC0, 0xFF, 0x80, 0xFF, 0x01, 0xFE,
  0x03, 0xFE, 0x07, 0xF8, 0x07, 0xF8, 0x1F, 0xE0, 0x1F, 0xE0, 0x7F, 0xC0,
  0x7F, 0xC1, 0xFF, 0x01, 0xFF, 0x03, 0xFC, 0x03, 0xFC, 0x0F, 0xF8, 0x0F,
  0xF0, 0x3F, 0xE0, 0x3F, 0xE0, 0x7F, 0x80, 0x7F, 0xC0, 0xFF, 0x00, 0x7F,
  0x81, 0xFF, 0x00, 0x7F, 0x81, 0xFF, 0x00, 0xFF, 0x81, 0xFE, 0x00, 0xFF,
  0x83, 0xFE, 0x00, 0xFF, 0x03, 0xFE, 0x00, 0xFF, 0x03, 0xFC, 0x00, 0xFF,
  0x03, 0xFC, 0x01, 0xFF, 0x03, 0xFC, 0x01, 0xFE, 0x07, 0xFC, 0x01, 0xFE,
  0x07, 0xF8, 0x01, 0xFE, 0x07, 0xF8, 0x03, 0xF8, 0x07, 0xE0, 0x03, 0xC0,
  0x0F, 0x00, 0x03, 0x00, 0x0C, 0x00, 0xFF, 0xFF, 0xFF, 0xFF, 0xFF, 0xFF,
  0xFF, 0xFF, 0xFF, 0xFF, 0xFF, 0xFF, 0xFF, 0xFF, 0xFF, 0xFF, 0xFF, 0xFF,
  0xFF, 0xFF, 0xFF, 0xFF, 0xFF, 0xFF, 0xFF, 0xFF, 0xFF, 0xFF, 0xFF, 0xFC,
  0x00, 0x00, 0x00, 0x7F, 0x00, 0x00, 0x00, 0x1F, 0xC0, 0x00, 0x00, 0x07,
  0xF0, 0x00, 0x00, 0x01, 0xFC, 0x00, 0x00, 0x00, 0x7F, 0x00, 0x00, 0x00,
  0x1F, 0xC0, 0x00, 0x00, 0x07, 0xF0, 0x00, 0x00, 0x01, 0xFC, 0x00, 0x00,
  0x00, 0x7F, 0x00, 0x00, 0x00, 0x1F, 0xC0, 0x00, 0x00, 0x07, 0xF0, 0x00,
  0x00, 0x01, 0xFC, 0xFF, 0xFF, 0xFF, 0xFF, 0xFF, 0xFF, 0xFF, 0xFF, 0xFF,
  0xFF, 0xFF, 0xFF, 0xFF, 0xFF, 0xFF, 0xFF, 0xFF, 0xFF, 0xFF, 0xFF, 0xFF,
  0xFE, 0x00, 0x00, 0x7F, 0xF0, 0x00, 0x00, 0x00, 0x1F, 0xFF, 0xF8, 0x00,
  0x00, 0x03, 0xFF, 0xFF, 0xF0, 0x00, 0x00, 0x7F, 0xFF, 0xFF, 0xC0, 0x00,
  0x07, 0xFF, 0xFF, 0xFF, 0x00, 0x00, 0x7F, 0xE0, 0x0F, 0xFC, 0x00, 0x07,
  0xF8, 0x00, 0x0F, 0xF0, 0x00, 0x7F, 0x80, 0x00, 0x1F, 0xC0, 0x07, 0xF0,
  0x00, 0x00, 0x7F, 0x00, 0x3F, 0x00, 0x00, 0x01, 0xFC, 0x03, 0xF1, 0xFF,
  0xF8, 0x07, 0xE0, 0x1F, 0x8F, 0xFF, 0xF0, 0x1F, 0x81, 0xF8, 0x7F, 0xFF,
  0xE0, 0x7C, 0x0F, 0x83, 0xFF, 0xFF, 0x83, 0xF0, 0xFC, 0x1F, 0xFF, 0xFC,
  0x1F, 0x87, 0xC0, 0xFF, 0xFF, 0xF0, 0x7C, 0x3E, 0x07, 0xF0, 0xFF, 0x83,
  0xF3, 0xF0, 0x3F, 0x81, 0xFC, 0x1F, 0x9F, 0x81, 0xFC, 0x0F, 0xF0, 0x7C,
  0xF8, 0x0F, 0xE0, 0x3F, 0x83, 0xE7, 0xC0, 0x7F, 0x01, 0xFC, 0x1F, 0x3E,
  0x03, 0xF8, 0x1F, 0xC0, 0xF9, 0xF0, 0x1F, 0xC0, 0xFE, 0x07, 0xEF, 0x80,
  0xFE, 0x0F, 0xF0, 0x3F, 0x7C, 0x07, 0xFF, 0xFF, 0x01, 0xFF, 0xE0, 0x3F,
  0xFF, 0xF8, 0x0F, 0xFF, 0x01, 0xFF, 0xFF, 0x80, 0x7F, 0xF8, 0x0F, 0xFF,
  0xF8, 0x03, 0xF7, 0xC0, 0x7F, 0xFF, 0x00, 0x1F, 0xBE, 0x03, 0xFF, 0xFC,
  0x00, 0xFD, 0xF0, 0x1F, 0xCF, 0xF0, 0x07, 0xCF, 0x80, 0xFE, 0x7F, 0x80,
  0x3E, 0x7C, 0x07, 0xF1, 0xFE, 0x01, 0xF3, 0xE0, 0x3F, 0x87, 0xF0, 0x0F,
  0x9F, 0x81, 0xFC, 0x3F, 0xC0, 0x7C, 0xFC, 0x0F, 0xE0, 0xFF, 0x07, 0xE3,
  0xE0, 0x7F, 0x07, 0xF8, 0x3E, 0x1F, 0x83, 0xF8, 0x1F, 0xE1, 0xF0, 0xFC,
  0x1F, 0xC0, 0x7F, 0x1F, 0x83, 0xF0, 0xFE, 0x03, 0xFC, 0xF8, 0x1F, 0x87,
  0xF0, 0x0F, 0xFF, 0xC0, 0x7E, 0x3F, 0x80, 0x3F, 0xFE, 0x03, 0xF9, 0xFC,
  0x00, 0x07, 0xE0, 0x0F, 0xE0, 0x00, 0x00, 0x7E, 0x00, 0x3F, 0x80, 0x00,
  0x0F, 0xF0, 0x01, 0xFE, 0x00, 0x00, 0xFF, 0x00, 0x07, 0xFC, 0x00, 0x1F,
  0xF0, 0x00, 0x1F, 0xFF, 0xFF, 0xFF, 0x00, 0x00, 0x7F, 0xFF, 0xFF, 0xF0,
  0x00, 0x00, 0xFF, 0xFF, 0xFF, 0x00, 0x00, 0x03, 0xFF, 0xFF, 0xE0, 0x00,
  0x00, 0x03, 0xFF, 0xF8, 0x00, 0x00, 0x00, 0x01, 0xFC, 0x00, 0x00, 0x00,
  0xFF, 0xFF, 0xFF, 0xFF, 0xFF, 0xFF, 0xFF, 0xFF, 0xFF, 0xFF, 0xFF, 0xFF,
  0xFF, 0xFF, 0xFF, 0xFF, 0xFF, 0xFF, 0xFF, 0xFF, 0xFF, 0xFF, 0xFF, 0xFF,
  0xFF, 0xFF, 0xFF, 0xFF, 0xFF, 0xFF, 0xFF, 0xFF, 0xFF, 0xFF, 0xFF, 0xFF,
  0xFF, 0xFF, 0xFF, 0xFF, 0xC0, 0x00, 0xFF, 0x00, 0x0F, 0xFF, 0x80, 0x3F,
  0xFF, 0x80, 0xFF, 0xFF, 0x83, 0xFF, 0xFF, 0x8F, 0xFF, 0xFF, 0x9F, 0xC0,
  0x7F, 0x7F, 0x00, 0x7F, 0xFC, 0x00, 0x7F, 0xF8, 0x00, 0xFF, 0xF0, 0x00,
  0xFF, 0xE0, 0x01, 0xFF, 0xC0, 0x07, 0xFF, 0x80, 0x0F, 0xFF, 0x80, 0x3F,
  0xBF, 0x80, 0xFE, 0x7F, 0xFF, 0xFC, 0x7F, 0xFF, 0xF0, 0x7F, 0xFF, 0xC0,
  0x7F, 0xFF, 0x00, 0x3F, 0xF8, 0x00, 0x1F, 0xC0, 0x00 };

const GFXglyph droid_sans_mono_bold37pt8bGlyphs[] PROGMEM = {
  {     0,   1,   1,  43,    0,    0 },   // 0x20 ' '
  {     1,  11,  52,  43,   16,  -50 },   // 0x21 '!'
  {    73,  25,  20,  43,    9,  -50 },   // 0x22 '"'
  {   136,  41,  51,  43,    1,  -50 },   // 0x23 '#'
  {   398,  31,  59,  43,    6,  -54 },   // 0x24 '$'
  {   627,  45,  53,  43,   -1,  -51 },   // 0x25 '%'
  {   926,  44,  53,  43,    1,  -51 },   // 0x26 '&'
  {  1218,  10,  20,  43,   17,  -50 },   // 0x27 '''
  {  1243,  25,  62,  43,   10,  -50 },   // 0x28 '('
  {  1437,  25,  62,  43,    9,  -50 },   // 0x29 ')'
  {  1631,  35,  33,  43,    4,  -54 },   // 0x2A '*'
  {  1776,  34,  33,  43,    5,  -41 },   // 0x2B '+'
  {  1917,  13,  21,  43,   15,   -8 },   // 0x2C ','
  {  1952,  25,   7,  43,    9,  -21 },   // 0x2D '-'
  {  1974,  12,  14,  43,   16,  -10 },   // 0x2E '.'
  {  1995,  31,  51,  43,    6,  -50 },   // 0x2F '/'
  {  2193,  35,  53,  43,    4,  -51 },   // 0x30 '0'
  {  2425,  20,  51,  43,    7,  -50 },   // 0x31 '1'
  {  2553,  33,  52,  43,    5,  -51 },   // 0x32 '2'
  {  2768,  34,  53,  43,    4,  -51 },   // 0x33 '3'
  {  2994,  39,  52,  43,    1,  -51 },   // 0x34 '4'
  {  3248,  33,  52,  43,    5,  -50 },   // 0x35 '5'
  {  3463,  34,  53,  43,    5,  -51 },   // 0x36 '6'
  {  3689,  35,  51,  43,    4,  -50 },   // 0x37 '7'
  {  3913,  33,  53,  43,    5,  -51 },   // 0x38 '8'
  {  4132,  34,  53,  43,    5,  -51 },   // 0x39 '9'
  {  4358,  11,  41,  43,   16,  -39 },   // 0x3A ':'
  {  4415,  13,  49,  43,   14,  -39 },   // 0x3B ';'
  {  4495,  34,  37,  43,    5,  -43 },   // 0x3C '<'
  {  4653,  34,  19,  43,    5,  -34 },   // 0x3D '='
  {  4734,  34,  37,  43,    5,  -43 },   // 0x3E '>'
  {  4892,  33,  53,  43,    5,  -51 },   // 0x3F '?'
  {  5111,  43,  57,  43,    0,  -50 },   // 0x40 '@'
  {  5418,  43,  52,  43,    0,  -51 },   // 0x41 'A'
  {  5698,  37,  51,  43,    4,  -50 },   // 0x42 'B'
  {  5934,  38,  53,  43,    4,  -51 },   // 0x43 'C'
  {  6186,  37,  51,  43,    4,  -50 },   // 0x44 'D'
  {  6422,  31,  51,  43,    7,  -50 },   // 0x45 'E'
  {  6620,  31,  51,  43,    8,  -50 },   // 0x46 'F'
  {  6818,  36,  53,  43,    3,  -51 },   // 0x47 'G'
  {  7057,  35,  51,  43,    4,  -50 },   // 0x48 'H'
  {  7281,  29,  51,  43,    7,  -50 },   // 0x49 'I'
  {  7466,  31,  52,  43,    4,  -50 },   // 0x4A 'J'
  {  7668,  36,  51,  43,    7,  -50 },   // 0x4B 'K'
  {  7898,  31,  51,  43,    7,  -50 },   // 0x4C 'L'
  {  8096,  37,  51,  43,    3,  -50 },   // 0x4D 'M'
  {  8332,  35,  51,  43,    4,  -50 },   // 0x4E 'N'
  {  8556,  39,  53,  43,    2,  -51 },   // 0x4F 'O'
  {  8815,  34,  51,  43,    5,  -50 },   // 0x50 'P'
  {  9032,  39,  67,  43,    2,  -51 },   // 0x51 'Q'
  {  9359,  36,  51,  43,    6,  -50 },   // 0x52 'R'
  {  9589,  35,  53,  43,    4,  -51 },   // 0x53 'S'
  {  9821,  37,  51,  43,    3,  -50 },   // 0x54 'T'
  { 10057,  36,  52,  43,    4,  -50 },   // 0x55 'U'
  { 10291,  43,  51,  43,    0,  -50 },   // 0x56 'V'
  { 10566,  45,  51,  43,   -1,  -50 },   // 0x57 'W'
  { 10853,  42,  51,  43,    1,  -50 },   // 0x58 'X'
  { 11121,  43,  51,  43,    0,  -50 },   // 0x59 'Y'
  { 11396,  37,  51,  43,    3,  -50 },   // 0x5A 'Z'
  { 11632,  20,  62,  43,   14,  -50 },   // 0x5B '['
  { 11787,  31,  51,  43,    6,  -50 },   // 0x5C '\'
  { 11985,  20,  62,  43,    9,  -50 },   // 0x5D ']'
  { 12140,  37,  33,  43,    3,  -51 },   // 0x5E '^'
  { 12293,  45,   7,  43,   -1,    7 },   // 0x5F '_'
  { 12333,  15,  13,  43,   14,  -54 },   // 0x60 '`'
  { 12358,  33,  40,  43,    4,  -38 },   // 0x61 'a'
  { 12523,  34,  56,  43,    5,  -54 },   // 0x62 'b'
  { 12761,  33,  40,  43,    5,  -38 },   // 0x63 'c'
  { 12926,  34,  56,  43,    4,  -54 },   // 0x64 'd'
  { 13164,  35,  40,  43,    4,  -38 },   // 0x65 'e'
  { 13339,  35,  55,  43,    5,  -54 },   // 0x66 'f'
  { 13580,  37,  56,  43,    3,  -38 },   // 0x67 'g'
  { 13839,  33,  55,  43,    5,  -54 },   // 0x68 'h'
  { 14066,  33,  55,  43,    6,  -54 },   // 0x69 'i'
  { 14293,  27,  72,  43,    4,  -54 },   // 0x6A 'j'
  { 14536,  35,  55,  43,    7,  -54 },   // 0x6B 'k'
  { 14777,  32,  55,  43,    6,  -54 },   // 0x6C 'l'
  { 14997,  38,  39,  43,    3,  -38 },   // 0x6D 'm'
  { 15183,  33,  39,  43,    5,  -38 },   // 0x6E 'n'
  { 15344,  37,  40,  43,    3,  -38 },   // 0x6F 'o'
  { 15529,  34,  56,  43,    5,  -38 },   // 0x70 'p'
  { 15767,  34,  56,  43,    4,  -38 },   // 0x71 'q'
  { 16005,  29,  39,  43,    9,  -38 },   // 0x72 'r'
  { 16147,  31,  40,  43,    6,  -38 },   // 0x73 's'
  { 16302,  33,  50,  43,    4,  -48 },   // 0x74 't'
  { 16509,  33,  40,  43,    5,  -38 },   // 0x75 'u'
  { 16674,  39,  39,  43,    2,  -38 },   // 0x76 'v'
  { 16865,  45,  39,  43,   -1,  -38 },   // 0x77 'w'
  { 17085,  39,  39,  43,    2,  -38 },   // 0x78 'x'
  { 17276,  39,  56,  43,    2,  -38 },   // 0x79 'y'
  { 17549,  31,  39,  43,    6,  -38 },   // 0x7A 'z'
  { 17701,  29,  62,  43,    7,  -50 },   // 0x7B '{'
  { 17926,   7,  72,  43,   18,  -54 },   // 0x7C '|'
  { 17989,  29,  62,  43,    7,  -50 },   // 0x7D '}'
  { 18214,  34,  11,  43,    5,  -30 },   // 0x7E '~'
  { 18261,  31,  51,  43,    6,  -50 },   // 0x7F
  { 18459,  31,  51,  43,    6,  -50 },   // 0x80
  { 18657,  31,  51,  43,    6,  -50 },   // 0x81
  { 18855,  31,  51,  43,    6,  -50 },   // 0x82
  { 19053,  31,  51,  43,    6,  -50 },   // 0x83
  { 19251,  31,  51,  43,    6,  -50 },   // 0x84
  { 19449,  31,  51,  43,    6,  -50 },   // 0x85
  { 19647,  31,  51,  43,    6,  -50 },   // 0x86
  { 19845,  31,  51,  43,    6,  -50 },   // 0x87
  { 20043,  31,  51,  43,    6,  -50 },   // 0x88
  { 20241,  31,  51,  43,    6,  -50 },   // 0x89
  { 20439,  31,  51,  43,    6,  -50 },   // 0x8A
  { 20637,  31,  51,  43,    6,  -50 },   // 0x8B
  { 20835,  31,  51,  43,    6,  -50 },   // 0x8C
  { 21033,  31,  51,  43,    6,  -50 },   // 0x8D
  { 21231,  31,  51,  43,    6,  -50 },   // 0x8E
  { 21429,  31,  51,  43,    6,  -50 },   // 0x8F
  { 21627,  31,  51,  43,    6,  -50 },   // 0x90
  { 21825,  31,  51,  43,    6,  -50 },   // 0x91
  { 22023,  31,  51,  43,    6,  -50 },   // 0x92
  { 22221,  31,  51,  43,    6,  -50 },   // 0x93
  { 22419,  31,  51,  43,    6,  -50 },   // 0x94
  { 22617,  31,  51,  43,    6,  -50 },   // 0x95
  { 22815,  31,  51,  43,    6,  -50 },   // 0x96
  { 23013,  31,  51,  43,    6,  -50 },   // 0x97
  { 23211,  31,  51,  43,    6,  -50 },   // 0x98
  { 23409,  31,  51,  43,    6,  -50 },   // 0x99
  { 23607,  31,  51,  43,    6,  -50 },   // 0x9A
  { 23805,  31,  51,  43,    6,  -50 },   // 0x9B
  { 24003,  31,  51,  43,    6,  -50 },   // 0x9C
  { 24201,  31,  51,  43,    6,  -50 },   // 0x9D
  { 24399,  31,  51,  43,    6,  -50 },   // 0x9E
  { 24597,  31,  51,  43,    6,  -50 },   // 0x9F
  { 24795,   1,   1,  43,    0,    0 },   // 0xA0
  { 24796,  11,  52,  43,   16,  -38 },   // 0xA1
  { 24868,  33,  53,  43,    5,  -51 },   // 0xA2
  { 25087,  37,  52,  43,    3,  -51 },   // 0xA3
  { 25328,  33,  31,  43,    5,  -40 },   // 0xA4
  { 25456,  40,  51,  43,    2,  -50 },   // 0xA5
  { 25711,   7,  72,  43,   18,  -54 },   // 0xA6
  { 25774,  27,  55,  43,    8,  -54 },   // 0xA7
  { 25960,  21,   9,  43,   11,  -52 },   // 0xA8
  { 25984,  45,  53,  43,   -1,  -51 },   // 0xA9
  { 26283,  24,  26,  43,    9,  -51 },   // 0xAA
  { 26361,  31,  30,  43,    6,  -33 },   // 0xAB
  { 26478,  34,  19,  43,    5,  -27 },   // 0xAC
  { 26559,  25,   7,  43,    9,  -21 },   // 0xAD
  { 26581,  45,  53,  43,   -1,  -51 },   // 0xAE
  { 26880,  46,   7,  43,   -1,  -59 },   // 0xAF
  { 26921,  23,  22,  43,   10,  -51 } }; // 0xB0

const GFXfont droid_sans_mono_bold37pt8b PROGMEM = {
  (uint8_t  *)droid_sans_mono_bold37pt8bBitmaps,
  (GFXglyph *)droid_sans_mono_bold37pt8bGlyphs,
  0x20, 0xB0, 96 };

// Approx. 28007 bytes
